Workbook
Name IMP_MOD: 'Implantación por tienda'!$A$8:$A$659
Name IMP_NT: 'Implantación por tienda'!$C$8:$C$659
Name IMP_TOT: 'Implantación por tienda'!$B$8:$B$659
Name REP_MOD: 'Reposición por tienda'!$A$8:$A$659
Name REP_TOT: 'Reposición por tienda'!$B$8:$B$659
Name TIENDAS: 'Implantación por tienda'!$K$4

Sheet MASTER por modelo
A1: KOROSHI · MASTER OI 26/27 · por modelo
A2: Una fila por modelo del packing list (sin color). Datos PL desde la hoja «Detalle por artículo»; datos Odoo en verde. Fuente Odoo: nath.tuctuc.com (KOROSHI, empresa 8), extraído el 27/10/2026. Ordenado por CBM total de mayor a menor.
A3: Implantación = lo que sale a cada tienda (pedidos S-666…) en los 5 días siguientes a su primer envío del modelo, tienda a tienda (hojas «Implantación / Reposición por tienda»); el resto = reposición. % sobre lo comprado. W- = web. Peso neto = bruto − cartones × 1,2 kg.
A4: Aire expedición: densidad < 120 kg/m³ → 20 %; > 200 kg/m³ → 10 %; resto 15 %. Palet = 1,54 m³ (redondeo arriba). TEU = 28 m³. Ubicación = medio palet (0,77 m³); columna = 0,385 m³. ABC: A hasta el 50 % del CBM, B hasta el 84 %, C el resto.
A5: Fila 6 = totales (sumas hasta el último registro; medias ponderadas). Gris = modelo no encontrado en Odoo.
A6: TOTAL | D6: =COUNTA(D8:D474)&" modelos" -> 467 modelos | E6: =SUM(E8:E474) -> 585 | F6: =IFERROR(L6/G6,0) -> 139.91251 | G6: =SUM(G8:G474) -> 2721.3566 | H6: =SUM(H8:H474) -> 1990 | I6: =SUM(I8:I474) -> 3763 | J6: =SUM(J8:J474) -> 7265 | K6: =SUM(K8:K474) -> 97.191307 | L6: =SUM(L8:L474) -> 380751.82 | M6: =SUM(M8:M474) -> 543206 | N6: =SUM(N8:N474) -> 28627 | O6: =IFERROR(G6/M6*1000,0) -> 5.0098059 | P6: =IFERROR(L6/M6*1000,0) -> 700.93449 | Q6: =IFERROR(R6/G6-1,0) -> 0.1659694 | R6: =SUM(R8:R474) -> 3173.0185 | U6: =SUM(U8:U474) -> 524645 | V6: =SUM(V8:V474) -> -13125 | W6: =MIN($W$8:$W$474) -> 46188 | X6: =MAX($X$8:$X$474) -> 46322 | Y6: =SUM(Y8:Y474) -> 53198 | Z6: =SUM(Z8:Z474) -> 312.15698 | AA6: =SUM(AA8:AA474) -> 11.148463 | AB6: =SUM(AB8:AB474) -> 278739 | AC6: =SUM(AC8:AC474) -> 191199 | AD6: =SUM(AD8:AD474) -> 84069 | AE6: =IFERROR(AVERAGE(AE8:AE474),0) -> 37.471092 | AF6: =IFERROR(AVERAGE(AF8:AF474),0) -> 0.74942184 | AG6: =SUM(AG8:AG474) -> 1531 | AH6: =SUM(AH8:AH474) -> 4638 | AI6: =IFERROR(AC6/M6,0) -> 0.35198249 | AJ6: =IFERROR(AD6/M6,0) -> 0.15476449 | AK6: =SUM(AK8:AK474) -> 745.16204 | AL6: =SUM(AL8:AL474) -> 245432 | AM6: =SUM(AM8:AM474) -> 1573.3122 | AN6: =IFERROR(AL6/U6,0) -> 0.46780585 | AO6: =SUM(AO8:AO474) -> 259031 | AP6: =SUM(AP8:AP474) -> 1630.7645 | AQ6: =IFERROR((AC6+AD6)/M6,0) -> 0.50674698 | AR6: =MIN($AR$8:$AR$474) -> 46213 | AS6: =MIN($AS$8:$AS$474) -> 46213 | AT6: =IFERROR(AVERAGE($AT$8:$AT$474),"") -> 10.753555
A7: Género | B7: Familia | C7: Subfamilia | D7: Modelo | E7: Nº packing lists | F7: Densidad (kg/m³) | G7: CBM total (m³) | H7: Palets necesarios | I7: Ubicaciones necesarias | J7: Columnas necesarias | K7: TEUs compra | L7: Peso neto (kg) | M7: Uds compradas (PL) | N7: Cartones | O7: Litros / ud | P7: Gramos / ud (neto) | Q7: % aire expedición | R7: CBM expedición (m³) | S7: % CBM acumulado | T7: ABC volumen | U7: Recibido (uds) | V7: Recibido − comprado | W7: 1ª recepción | X7: Última recepción | Y7: Pendiente recibir (uds) | Z7: Pendiente recibir (m³) | AA7: TEUs pendientes | AB7: Salidas totales (uds) | AC7: Implantación (uds) | AD7: Reposición (uds) | AE7: Tiendas con implantación | AF7: % tiendas implantadas | AG7: Web (uds) | AH7: Otros (uds) | AI7: % implantación (s/ comprado) | AJ7: % reposición (s/ comprado) | AK7: Implantación (m³) | AL7: Stock actual (uds) | AM7: Stock actual (m³) | AN7: % stock (s/ recibido) | AO7: Pendiente servir (comprado − salidas) | AP7: Pendiente servir (m³) | AQ7: Eficacia (impl. + repos. / comprado) | AR7: 1er pedido tienda | AS7: Fecha implantación | AT7: Días recepción → implantación | AU7: Ranking compra | AV7: Ranking salidas | AW7: Dif. ranking (+ vende mejor)
A8: MUJER | B8: CHAQUETA MUJER | C8: PLUMIFERO | D8: 2622JA49 | E8: =COUNTIF('Detalle por artículo'!$K$8:$K$592,D8) -> 5 | F8: =IFERROR(L8/G8,0) -> 89.795094 | G8: =SUMIF('Detalle por artículo'!$K$8:$K$592,$D8,'Detalle por artículo'!$E$8:$E$592) -> 81.696 | H8: =ROUNDUP(G8/1.54,0) -> 54 | I8: =ROUNDUP(G8/0.77,0) -> 107 | J8: =ROUNDUP(G8/0.385,0) -> 213 | K8: =G8/28 -> 2.9177143 | L8: =SUMIF('Detalle por artículo'!$K$8:$K$592,$D8,'Detalle por artículo'!$O$8:$O$592) -> 7335.9 | M8: =SUMIF('Detalle por artículo'!$K$8:$K$592,$D8,'Detalle por artículo'!$I$8:$I$592) -> 6812 | N8: =SUMIF('Detalle por artículo'!$K$8:$K$592,$D8,'Detalle por artículo'!$M$8:$M$592) -> 851 | O8: =IFERROR(G8/M8*1000,0) -> 11.992954 | P8: =IFERROR(L8/M8*1000,0) -> 1076.9084 | Q8: =IF(F8=0,0,IF(F8<120,0.2,IF(F8>200,0.1,0.15))) -> 0.2 | R8: =G8*(1+Q8) -> 98.0352 | S8: =IFERROR(SUM($G$8:G8)/$G$6,0) -> 0.030020321 | T8: =IF(S8<=0.5,"A",IF(S8<=0.84,"B","C")) -> A | U8: 6813 | V8: =U8-M8 -> 1 | W8: 46258 | X8: 46259 | Y8: 28 | Z8: =Y8*O8/1000 -> 0.3358027 | AA8: =Z8/28 -> 0.011992954 | AB8: 1449 | AC8: =IFERROR(INDEX(IMP_TOT,MATCH(D8,IMP_MOD,0)),0) -> 829 | AD8: =IFERROR(INDEX(REP_TOT,MATCH(D8,REP_MOD,0)),0) -> 556 | AE8: =IFERROR(INDEX(IMP_NT,MATCH(D8,IMP_MOD,0)),0) -> 46 | AF8: =IFERROR(AE8/TIENDAS,0) -> 0.92 | AG8: 33 | AH8: 32 | AI8: =IFERROR(AC8/M8,0) -> 0.12169701 | AJ8: =IFERROR(AD8/M8,0) -> 0.081620669 | AK8: =AC8*O8/1000 -> 9.9421585 | AL8: 5356 | AM8: =AL8*O8/1000 -> 64.23426 | AN8: =IFERROR(AL8/U8,0) -> 0.78614414 | AO8: =M8-AB8 -> 5363 | AP8: =AO8*O8/1000 -> 64.31821 | AQ8: =IFERROR((AC8+AD8)/M8,0) -> 0.20331767 | AR8: 46268 | AS8: 46268 | AT8: =IF(OR(W8="",AS8=""),"",AS8-W8) -> 10 | AU8: =IF(M8=0,"",RANK(M8,$M$8:$M$474)) -> 1 | AV8: =IF(AB8=0,"",RANK(AB8,$AB$8:$AB$474)) -> 26 | AW8: =IF(OR(AU8="",AV8=""),"",AU8-AV8) -> -25
A9: MUJER | B9: CHAQUETA MUJER | C9: PLUMIFERO | D9: 2622JA07 | E9: =COUNTIF('Detalle por artículo'!$K$8:$K$592,D9) -> 4 | F9: =IFERROR(L9/G9,0) -> 65.426864 | G9: =SUMIF('Detalle por artículo'!$K$8:$K$592,$D9,'Detalle por artículo'!$E$8:$E$592) -> 76.98 | H9: =ROUNDUP(G9/1.54,0) -> 50 | I9: =ROUNDUP(G9/0.77,0) -> 100 | J9: =ROUNDUP(G9/0.385,0) -> 200 | K9: =G9/28 -> 2.7492857 | L9: =SUMIF('Detalle por artículo'!$K$8:$K$592,$D9,'Detalle por artículo'!$O$8:$O$592) -> 5036.56 | M9: =SUMIF('Detalle por artículo'!$K$8:$K$592,$D9,'Detalle por artículo'!$I$8:$I$592) -> 5606 | N9: =SUMIF('Detalle por artículo'!$K$8:$K$592,$D9,'Detalle por artículo'!$M$8:$M$592) -> 802 | O9: =IFERROR(G9/M9*1000,0) -> 13.731716 | P9: =IFERROR(L9/M9*1000,0) -> 898.42312 | Q9: =IF(F9=0,0,IF(F9<120,0.2,IF(F9>200,0.1,0.15))) -> 0.2 | R9: =G9*(1+Q9) -> 92.376 | S9: =IFERROR(SUM($G$8:G9)/$G$6,0) -> 0.058307684 | T9: =IF(S9<=0.5,"A",IF(S9<=0.84,"B","C")) -> A | U9: 5606 | V9: =U9-M9 -> 0 | W9: 46239 | X9: 46239 | Y9: 0 | Z9: =Y9*O9/1000 -> 0 | AA9: =Z9/28 -> 0 | AB9: 2006 | AC9: =IFERROR(INDEX(IMP_TOT,MATCH(D9,IMP_MOD,0)),0) -> 1372 | AD9: =IFERROR(INDEX(REP_TOT,MATCH(D9,REP_MOD,0)),0) -> 553 | AE9: =IFERROR(INDEX(IMP_NT,MATCH(D9,IMP_MOD,0)),0) -> 41 | AF9: =IFERROR(AE9/TIENDAS,0) -> 0.82 | AG9: 21 | AH9: 60 | AI9: =IFERROR(AC9/M9,0) -> 0.24473778 | AJ9: =IFERROR(AD9/M9,0) -> 0.09864431 | AK9: =AC9*O9/1000 -> 18.839914 | AL9: 3639 | AM9: =AL9*O9/1000 -> 49.969715 | AN9: =IFERROR(AL9/U9,0) -> 0.64912594 | AO9: =M9-AB9 -> 3600 | AP9: =AO9*O9/1000 -> 49.434178 | AQ9: =IFERROR((AC9+AD9)/M9,0) -> 0.34338209 | AR9: 46254 | AS9: 46255 | AT9: =IF(OR(W9="",AS9=""),"",AS9-W9) -> 16 | AU9: =IF(M9=0,"",RANK(M9,$M$8:$M$474)) -> 7 | AV9: =IF(AB9=0,"",RANK(AB9,$AB$8:$AB$474)) -> 11 | AW9: =IF(OR(AU9="",AV9=""),"",AU9-AV9) -> -4
A10: MUJER | B10: CHAQUETA MUJER | C10: PLUMIFERO | D10: 2622JA77 | E10: =COUNTIF('Detalle por artículo'!$K$8:$K$592,D10) -> 6 | F10: =IFERROR(L10/G10,0) -> 107.04091 | G10: =SUMIF('Detalle por artículo'!$K$8:$K$592,$D10,'Detalle por artículo'!$E$8:$E$592) -> 75.53 | H10: =ROUNDUP(G10/1.54,0) -> 50 | I10: =ROUNDUP(G10/0.77,0) -> 99 | J10: =ROUNDUP(G10/0.385,0) -> 197 | K10: =G10/28 -> 2.6975 | L10: =SUMIF('Detalle por artículo'!$K$8:$K$592,$D10,'Detalle por artículo'!$O$8:$O$592) -> 8084.8 | M10: =SUMIF('Detalle por artículo'!$K$8:$K$592,$D10,'Detalle por artículo'!$I$8:$I$592) -> 5459 | N10: =SUMIF('Detalle por artículo'!$K$8:$K$592,$D10,'Detalle por artículo'!$M$8:$M$592) -> 780 | O10: =IFERROR(G10/M10*1000,0) -> 13.835867 | P10: =IFERROR(L10/M10*1000,0) -> 1481.0038 | Q10: =IF(F10=0,0,IF(F10<120,0.2,IF(F10>200,0.1,0.15))) -> 0.2 | R10: =G10*(1+Q10) -> 90.636 | S10: =IFERROR(SUM($G$8:G10)/$G$6,0) -> 0.086062224 | T10: =IF(S10<=0.5,"A",IF(S10<=0.84,"B","C")) -> A | U10: 5465 | V10: =U10-M10 -> 6 | W10: 46258 | X10: 46283 | Y10: 28 | Z10: =Y10*O10/1000 -> 0.38740429 | AA10: =Z10/28 -> 0.013835867 | AB10: 1246 | AC10: =IFERROR(INDEX(IMP_TOT,MATCH(D10,IMP_MOD,0)),0) -> 870 | AD10: =IFERROR(INDEX(REP_TOT,MATCH(D10,REP_MOD,0)),0) -> 363 | AE10: =IFERROR(INDEX(IMP_NT,MATCH(D10,IMP_MOD,0)),0) -> 48 | AF10: =IFERROR(AE10/TIENDAS,0) -> 0.96 | AG10: 13 | AH10: 0 | AI10: =IFERROR(AC10/M10,0) -> 0.15936985 | AJ10: =IFERROR(AD10/M10,0) -> 0.066495695 | AK10: =AC10*O10/1000 -> 12.037205 | AL10: 4218 | AM10: =AL10*O10/1000 -> 58.359689 | AN10: =IFERROR(AL10/U10,0) -> 0.77182068 | AO10: =M10-AB10 -> 4213 | AP10: =AO10*O10/1000 -> 58.290509 | AQ10: =IFERROR((AC10+AD10)/M10,0) -> 0.22586554 | AR10: 46268 | AS10: 46268 | AT10: =IF(OR(W10="",AS10=""),"",AS10-W10) -> 10 | AU10: =IF(M10=0,"",RANK(M10,$M$8:$M$474)) -> 9 | AV10: =IF(AB10=0,"",RANK(AB10,$AB$8:$AB$474)) -> 44 | AW10: =IF(OR(AU10="",AV10=""),"",AU10-AV10) -> -35
A11: MUJER | B11: CHAQUETA MUJER | C11: PLUMIFERO | D11: 2622JA50 | E11: =COUNTIF('Detalle por artículo'!$K$8:$K$592,D11) -> 4 | F11: =IFERROR(L11/G11,0) -> 78.55036 | G11: =SUMIF('Detalle por artículo'!$K$8:$K$592,$D11,'Detalle por artículo'!$E$8:$E$592) -> 72.28 | H11: =ROUNDUP(G11/1.54,0) -> 47 | I11: =ROUNDUP(G11/0.77,0) -> 94 | J11: =ROUNDUP(G11/0.385,0) -> 188 | K11: =G11/28 -> 2.5814286 | L11: =SUMIF('Detalle por artículo'!$K$8:$K$592,$D11,'Detalle por artículo'!$O$8:$O$592) -> 5677.62 | M11: =SUMIF('Detalle por artículo'!$K$8:$K$592,$D11,'Detalle por artículo'!$I$8:$I$592) -> 5261 | N11: =SUMIF('Detalle por artículo'!$K$8:$K$592,$D11,'Detalle por artículo'!$M$8:$M$592) -> 753 | O11: =IFERROR(G11/M11*1000,0) -> 13.738833 | P11: =IFERROR(L11/M11*1000,0) -> 1079.1903 | Q11: =IF(F11=0,0,IF(F11<120,0.2,IF(F11>200,0.1,0.15))) -> 0.2 | R11: =G11*(1+Q11) -> 86.736 | S11: =IFERROR(SUM($G$8:G11)/$G$6,0) -> 0.11262251 | T11: =IF(S11<=0.5,"A",IF(S11<=0.84,"B","C")) -> A | U11: 5263 | V11: =U11-M11 -> 2 | W11: 46239 | X11: 46239 | Y11: 21 | Z11: =Y11*O11/1000 -> 0.28851549 | AA11: =Z11/28 -> 0.010304125 | AB11: 2207 | AC11: =IFERROR(INDEX(IMP_TOT,MATCH(D11,IMP_MOD,0)),0) -> 1473 | AD11: =IFERROR(INDEX(REP_TOT,MATCH(D11,REP_MOD,0)),0) -> 672 | AE11: =IFERROR(INDEX(IMP_NT,MATCH(D11,IMP_MOD,0)),0) -> 45 | AF11: =IFERROR(AE11/TIENDAS,0) -> 0.9 | AG11: 11 | AH11: 60 | AI11: =IFERROR(AC11/M11,0) -> 0.27998479 | AJ11: =IFERROR(AD11/M11,0) -> 0.12773237 | AK11: =AC11*O11/1000 -> 20.237301 | AL11: 3060 | AM11: =AL11*O11/1000 -> 42.040829 | AN11: =IFERROR(AL11/U11,0) -> 0.58141744 | AO11: =M11-AB11 -> 3054 | AP11: =AO11*O11/1000 -> 41.958396 | AQ11: =IFERROR((AC11+AD11)/M11,0) -> 0.40771716 | AR11: 46254 | AS11: 46255 | AT11: =IF(OR(W11="",AS11=""),"",AS11-W11) -> 16 | AU11: =IF(M11=0,"",RANK(M11,$M$8:$M$474)) -> 10 | AV11: =IF(AB11=0,"",RANK(AB11,$AB$8:$AB$474)) -> 6 | AW11: =IF(OR(AU11="",AV11=""),"",AU11-AV11) -> 4
A12: MUJER | B12: CHAQUETA MUJER | C12: PLUMIFERO | D12: 2622JA51 | E12: =COUNTIF('Detalle por artículo'!$K$8:$K$592,D12) -> 4 | F12: =IFERROR(L12/G12,0) -> 80.911111 | G12: =SUMIF('Detalle por artículo'!$K$8:$K$592,$D12,'Detalle por artículo'!$E$8:$E$592) -> 72 | H12: =ROUNDUP(G12/1.54,0) -> 47 | I12: =ROUNDUP(G12/0.77,0) -> 94 | J12: =ROUNDUP(G12/0.385,0) -> 188 | K12: =G12/28 -> 2.5714286 | L12: =SUMIF('Detalle por artículo'!$K$8:$K$592,$D12,'Detalle por artículo'!$O$8:$O$592) -> 5825.6 | M12: =SUMIF('Detalle por artículo'!$K$8:$K$592,$D12,'Detalle por artículo'!$I$8:$I$592) -> 5994 | N12: =SUMIF('Detalle por artículo'!$K$8:$K$592,$D12,'Detalle por artículo'!$M$8:$M$592) -> 750 | O12: =IFERROR(G12/M12*1000,0) -> 12.012012 | P12: =IFERROR(L12/M12*1000,0) -> 971.90524 | Q12: =IF(F12=0,0,IF(F12<120,0.2,IF(F12>200,0.1,0.15))) -> 0.2 | R12: =G12*(1+Q12) -> 86.4 | S12: =IFERROR(SUM($G$8:G12)/$G$6,0) -> 0.1390799 | T12: =IF(S12<=0.5,"A",IF(S12<=0.84,"B","C")) -> A | U12: 5999 | V12: =U12-M12 -> 5 | W12: 46258 | X12: 46259 | Y12: 39 | Z12: =Y12*O12/1000 -> 0.46846847 | AA12: =Z12/28 -> 0.016731017 | AB12: 671 | AC12: =IFERROR(INDEX(IMP_TOT,MATCH(D12,IMP_MOD,0)),0) -> 482 | AD12: =IFERROR(INDEX(REP_TOT,MATCH(D12,REP_MOD,0)),0) -> 158 | AE12: =IFERROR(INDEX(IMP_NT,MATCH(D12,IMP_MOD,0)),0) -> 45 | AF12: =IFERROR(AE12/TIENDAS,0) -> 0.9 | AG12: 23 | AH12: 8 | AI12: =IFERROR(AC12/M12,0) -> 0.080413747 | AJ12: =IFERROR(AD12/M12,0) -> 0.026359693 | AK12: =AC12*O12/1000 -> 5.7897898 | AL12: 5332 | AM12: =AL12*O12/1000 -> 64.048048 | AN12: =IFERROR(AL12/U12,0) -> 0.8888148 | AO12: =M12-AB12 -> 5323 | AP12: =AO12*O12/1000 -> 63.93994 | AQ12: =IFERROR((AC12+AD12)/M12,0) -> 0.10677344 | AR12: 46268 | AS12: 46268 | AT12: =IF(OR(W12="",AS12=""),"",AS12-W12) -> 10 | AU12: =IF(M12=0,"",RANK(M12,$M$8:$M$474)) -> 4 | AV12: =IF(AB12=0,"",RANK(AB12,$AB$8:$AB$474)) -> 142 | AW12: =IF(OR(AU12="",AV12=""),"",AU12-AV12) -> -138
A13: HOMBRE | B13: CHAQUETA HOMBRE | C13: PLUMIFERO | D13: 2621JA59 | E13: =COUNTIF('Detalle por artículo'!$K$8:$K$592,D13) -> 5 | F13: =IFERROR(L13/G13,0) -> 98.429663 | G13: =SUMIF('Detalle por artículo'!$K$8:$K$592,$D13,'Detalle por artículo'!$E$8:$E$592) -> 70.176 | H13: =ROUNDUP(G13/1.54,0) -> 46 | I13: =ROUNDUP(G13/0.77,0) -> 92 | J13: =ROUNDUP(G13/0.385,0) -> 183 | K13: =G13/28 -> 2.5062857 | L13: =SUMIF('Detalle por artículo'!$K$8:$K$592,$D13,'Detalle por artículo'!$O$8:$O$592) -> 6907.4 | M13: =SUMIF('Detalle por artículo'!$K$8:$K$592,$D13,'Detalle por artículo'!$I$8:$I$592) -> 5840 | N13: =SUMIF('Detalle por artículo'!$K$8:$K$592,$D13,'Detalle por artículo'!$M$8:$M$592) -> 731 | O13: =IFERROR(G13/M13*1000,0) -> 12.016438 | P13: =IFERROR(L13/M13*1000,0) -> 1182.774 | Q13: =IF(F13=0,0,IF(F13<120,0.2,IF(F13>200,0.1,0.15))) -> 0.2 | R13: =G13*(1+Q13) -> 84.2112 | S13: =IFERROR(SUM($G$8:G13)/$G$6,0) -> 0.16486704 | T13: =IF(S13<=0.5,"A",IF(S13<=0.84,"B","C")) -> A | U13: 5831 | V13: =U13-M13 -> -9 | W13: 46252 | X13: 46253 | Y13: 12 | Z13: =Y13*O13/1000 -> 0.14419726 | AA13: =Z13/28 -> 0.0051499022 | AB13: 1822 | AC13: =IFERROR(INDEX(IMP_TOT,MATCH(D13,IMP_MOD,0)),0) -> 1188 | AD13: =IFERROR(INDEX(REP_TOT,MATCH(D13,REP_MOD,0)),0) -> 602 | AE13: =IFERROR(INDEX(IMP_NT,MATCH(D13,IMP_MOD,0)),0) -> 46 | AF13: =IFERROR(AE13/TIENDAS,0) -> 0.92 | AG13: 4 | AH13: 32 | AI13: =IFERROR(AC13/M13,0) -> 0.20342466 | AJ13: =IFERROR(AD13/M13,0) -> 0.10308219 | AK13: =AC13*O13/1000 -> 14.275529 | AL13: 4007 | AM13: =AL13*O13/1000 -> 48.149868 | AN13: =IFERROR(AL13/U13,0) -> 0.68718916 | AO13: =M13-AB13 -> 4018 | AP13: =AO13*O13/1000 -> 48.282049 | AQ13: =IFERROR((AC13+AD13)/M13,0) -> 0.30650685 | AR13: 46260 | AS13: 46260 | AT13: =IF(OR(W13="",AS13=""),"",AS13-W13) -> 8 | AU13: =IF(M13=0,"",RANK(M13,$M$8:$M$474)) -> 5 | AV13: =IF(AB13=0,"",RANK(AB13,$AB$8:$AB$474)) -> 14 | AW13: =IF(OR(AU13="",AV13=""),"",AU13-AV13) -> -9
A14: HOMBRE | B14: CHAQUETA HOMBRE | C14: CAZADORA | D14: 2621JA16 | E14: =COUNTIF('Detalle por artículo'!$K$8:$K$592,D14) -> 1 | F14: =IFERROR(L14/G14,0) -> 161.69472 | G14: =SUMIF('Detalle por artículo'!$K$8:$K$592,$D14,'Detalle por artículo'!$E$8:$E$592) -> 68.33 | H14: =ROUNDUP(G14/1.54,0) -> 45 | I14: =ROUNDUP(G14/0.77,0) -> 89 | J14: =ROUNDUP(G14/0.385,0) -> 178 | K14: =G14/28 -> 2.4403571 | L14: =SUMIF('Detalle por artículo'!$K$8:$K$592,$D14,'Detalle por artículo'!$O$8:$O$592) -> 11048.6 | M14: =SUMIF('Detalle por artículo'!$K$8:$K$592,$D14,'Detalle por artículo'!$I$8:$I$592) -> 6643 | N14: =SUMIF('Detalle por artículo'!$K$8:$K$592,$D14,'Detalle por artículo'!$M$8:$M$592) -> 666 | O14: =IFERROR(G14/M14*1000,0) -> 10.286015 | P14: =IFERROR(L14/M14*1000,0) -> 1663.1943 | Q14: =IF(F14=0,0,IF(F14<120,0.2,IF(F14>200,0.1,0.15))) -> 0.15 | R14: =G14*(1+Q14) -> 78.5795 | S14: =IFERROR(SUM($G$8:G14)/$G$6,0) -> 0.18997584 | T14: =IF(S14<=0.5,"A",IF(S14<=0.84,"B","C")) -> A | U14: 6643 | V14: =U14-M14 -> 0 | W14: 46302 | X14: 46304 | Y14: 0 | Z14: =Y14*O14/1000 -> 0 | AA14: =Z14/28 -> 0 | AB14: 555 | AC14: =IFERROR(INDEX(IMP_TOT,MATCH(D14,IMP_MOD,0)),0) -> 439 | AD14: =IFERROR(INDEX(REP_TOT,MATCH(D14,REP_MOD,0)),0) -> 590 | AE14: =IFERROR(INDEX(IMP_NT,MATCH(D14,IMP_MOD,0)),0) -> 49 | AF14: =IFERROR(AE14/TIENDAS,0) -> 0.98 | AG14: 0 | AH14: 0 | AI14: =IFERROR(AC14/M14,0) -> 0.0660846 | AJ14: =IFERROR(AD14/M14,0) -> 0.088815294 | AK14: =AC14*O14/1000 -> 4.5155607 | AL14: 6088 | AM14: =AL14*O14/1000 -> 62.621261 | AN14: =IFERROR(AL14/U14,0) -> 0.91645341 | AO14: =M14-AB14 -> 6088 | AP14: =AO14*O14/1000 -> 62.621261 | AQ14: =IFERROR((AC14+AD14)/M14,0) -> 0.15489989 | AR14: 46303 | AS14: 46304 | AT14: =IF(OR(W14="",AS14=""),"",AS14-W14) -> 2 | AU14: =IF(M14=0,"",RANK(M14,$M$8:$M$474)) -> 2 | AV14: =IF(AB14=0,"",RANK(AB14,$AB$8:$AB$474)) -> 234 | AW14: =IF(OR(AU14="",AV14=""),"",AU14-AV14) -> -232
A15: HOMBRE | B15: CHAQUETA HOMBRE | C15: PLUMIFERO | D15: 2621JA61 | E15: =COUNTIF('Detalle por artículo'!$K$8:$K$592,D15) -> 1 | F15: =IFERROR(L15/G15,0) -> 133.91284 | G15: =SUMIF('Detalle por artículo'!$K$8:$K$592,$D15,'Detalle por artículo'!$E$8:$E$592) -> 64.25 | H15: =ROUNDUP(G15/1.54,0) -> 42 | I15: =ROUNDUP(G15/0.77,0) -> 84 | J15: =ROUNDUP(G15/0.385,0) -> 167 | K15: =G15/28 -> 2.2946429 | L15: =SUMIF('Detalle por artículo'!$K$8:$K$592,$D15,'Detalle por artículo'!$O$8:$O$592) -> 8603.9 | M15: =SUMIF('Detalle por artículo'!$K$8:$K$592,$D15,'Detalle por artículo'!$I$8:$I$592) -> 5820 | N15: =SUMIF('Detalle por artículo'!$K$8:$K$592,$D15,'Detalle por artículo'!$M$8:$M$592) -> 583 | O15: =IFERROR(G15/M15*1000,0) -> 11.039519 | P15: =IFERROR(L15/M15*1000,0) -> 1478.3333 | Q15: =IF(F15=0,0,IF(F15<120,0.2,IF(F15>200,0.1,0.15))) -> 0.15 | R15: =G15*(1+Q15) -> 73.8875 | S15: =IFERROR(SUM($G$8:G15)/$G$6,0) -> 0.21358539 | T15: =IF(S15<=0.5,"A",IF(S15<=0.84,"B","C")) -> A | U15: 5830 | V15: =U15-M15 -> 10 | W15: 46315 | X15: 46315 | Y15: 0 | Z15: =Y15*O15/1000 -> 0 | AA15: =Z15/28 -> 0 | AB15: 0 | AC15: =IFERROR(INDEX(IMP_TOT,MATCH(D15,IMP_MOD,0)),0) -> 0 | AD15: =IFERROR(INDEX(REP_TOT,MATCH(D15,REP_MOD,0)),0) -> 0 | AE15: =IFERROR(INDEX(IMP_NT,MATCH(D15,IMP_MOD,0)),0) -> 0 | AF15: =IFERROR(AE15/TIENDAS,0) -> 0 | AG15: 0 | AH15: 0 | AI15: =IFERROR(AC15/M15,0) -> 0 | AJ15: =IFERROR(AD15/M15,0) -> 0 | AK15: =AC15*O15/1000 -> 0 | AL15: 5830 | AM15: =AL15*O15/1000 -> 64.360395 | AN15: =IFERROR(AL15/U15,0) -> 1 | AO15: =M15-AB15 -> 5820 | AP15: =AO15*O15/1000 -> 64.25 | AQ15: =IFERROR((AC15+AD15)/M15,0) -> 0 | AT15: =IF(OR(W15="",AS15=""),"",AS15-W15) | AU15: =IF(M15=0,"",RANK(M15,$M$8:$M$474)) -> 6 | AV15: =IF(AB15=0,"",RANK(AB15,$AB$8:$AB$474)) | AW15: =IF(OR(AU15="",AV15=""),"",AU15-AV15)
A16: HOMBRE | B16: CHAQUETA HOMBRE | C16: PLUMIFERO | D16: 2621JA49 | E16: =COUNTIF('Detalle por artículo'!$K$8:$K$592,D16) -> 1 | F16: =IFERROR(L16/G16,0) -> 110.08812 | G16: =SUMIF('Detalle por artículo'!$K$8:$K$592,$D16,'Detalle por artículo'!$E$8:$E$592) -> 47.66 | H16: =ROUNDUP(G16/1.54,0) -> 31 | I16: =ROUNDUP(G16/0.77,0) -> 62 | J16: =ROUNDUP(G16/0.385,0) -> 124 | K16: =G16/28 -> 1.7021429 | L16: =SUMIF('Detalle por artículo'!$K$8:$K$592,$D16,'Detalle por artículo'!$O$8:$O$592) -> 5246.8 | M16: =SUMIF('Detalle por artículo'!$K$8:$K$592,$D16,'Detalle por artículo'!$I$8:$I$592) -> 6556 | N16: =SUMIF('Detalle por artículo'!$K$8:$K$592,$D16,'Detalle por artículo'!$M$8:$M$592) -> 439 | O16: =IFERROR(G16/M16*1000,0) -> 7.2696766 | P16: =IFERROR(L16/M16*1000,0) -> 800.30506 | Q16: =IF(F16=0,0,IF(F16<120,0.2,IF(F16>200,0.1,0.15))) -> 0.2 | R16: =G16*(1+Q16) -> 57.192 | S16: =IFERROR(SUM($G$8:G16)/$G$6,0) -> 0.23109871 | T16: =IF(S16<=0.5,"A",IF(S16<=0.84,"B","C")) -> A | U16: 6549 | V16: =U16-M16 -> -7 | W16: 46302 | X16: 46302 | Y16: 7 | Z16: =Y16*O16/1000 -> 0.050887736 | AA16: =Z16/28 -> 0.0018174192 | AB16: 1874 | AC16: =IFERROR(INDEX(IMP_TOT,MATCH(D16,IMP_MOD,0)),0) -> 1375 | AD16: =IFERROR(INDEX(REP_TOT,MATCH(D16,REP_MOD,0)),0) -> 494 | AE16: =IFERROR(INDEX(IMP_NT,MATCH(D16,IMP_MOD,0)),0) -> 48 | AF16: =IFERROR(AE16/TIENDAS,0) -> 0.96 | AG16: 5 | AH16: 0 | AI16: =IFERROR(AC16/M16,0) -> 0.20973154 | AJ16: =IFERROR(AD16/M16,0) -> 0.075350824 | AK16: =AC16*O16/1000 -> 9.9958054 | AL16: 4675 | AM16: =AL16*O16/1000 -> 33.985738 | AN16: =IFERROR(AL16/U16,0) -> 0.71384944 | AO16: =M16-AB16 -> 4682 | AP16: =AO16*O16/1000 -> 34.036626 | AQ16: =IFERROR((AC16+AD16)/M16,0) -> 0.28508237 | AR16: 46303 | AS16: 46304 | AT16: =IF(OR(W16="",AS16=""),"",AS16-W16) -> 2 | AU16: =IF(M16=0,"",RANK(M16,$M$8:$M$474)) -> 3 | AV16: =IF(AB16=0,"",RANK(AB16,$AB$8:$AB$474)) -> 12 | AW16: =IF(OR(AU16="",AV16=""),"",AU16-AV16) -> -9
A17: HOMBRE | B17: CHAQUETA HOMBRE | C17: PLUMIFERO | D17: 2621JA57 | E17: =COUNTIF('Detalle por artículo'!$K$8:$K$592,D17) -> 1 | F17: =IFERROR(L17/G17,0) -> 116.13291 | G17: =SUMIF('Detalle por artículo'!$K$8:$K$592,$D17,'Detalle por artículo'!$E$8:$E$592) -> 47.4 | H17: =ROUNDUP(G17/1.54,0) -> 31 | I17: =ROUNDUP(G17/0.77,0) -> 62 | J17: =ROUNDUP(G17/0.385,0) -> 124 | K17: =G17/28 -> 1.6928571 | L17: =SUMIF('Detalle por artículo'!$K$8:$K$592,$D17,'Detalle por artículo'!$O$8:$O$592) -> 5504.7 | M17: =SUMIF('Detalle por artículo'!$K$8:$K$592,$D17,'Detalle por artículo'!$I$8:$I$592) -> 4083 | N17: =SUMIF('Detalle por artículo'!$K$8:$K$592,$D17,'Detalle por artículo'!$M$8:$M$592) -> 454 | O17: =IFERROR(G17/M17*1000,0) -> 11.609111 | P17: =IFERROR(L17/M17*1000,0) -> 1348.1999 | Q17: =IF(F17=0,0,IF(F17<120,0.2,IF(F17>200,0.1,0.15))) -> 0.2 | R17: =G17*(1+Q17) -> 56.88 | S17: =IFERROR(SUM($G$8:G17)/$G$6,0) -> 0.24851649 | T17: =IF(S17<=0.5,"A",IF(S17<=0.84,"B","C")) -> A | U17: 4079 | V17: =U17-M17 -> -4 | W17: 46308 | X17: 46308 | Y17: 47 | Z17: =Y17*O17/1000 -> 0.54562821 | AA17: =Z17/28 -> 0.019486722 | AB17: 0 | AC17: =IFERROR(INDEX(IMP_TOT,MATCH(D17,IMP_MOD,0)),0) -> 0 | AD17: =IFERROR(INDEX(REP_TOT,MATCH(D17,REP_MOD,0)),0) -> 0 | AE17: =IFERROR(INDEX(IMP_NT,MATCH(D17,IMP_MOD,0)),0) -> 0 | AF17: =IFERROR(AE17/TIENDAS,0) -> 0 | AG17: 0 | AH17: 0 | AI17: =IFERROR(AC17/M17,0) -> 0 | AJ17: =IFERROR(AD17/M17,0) -> 0 | AK17: =AC17*O17/1000 -> 0 | AL17: 4079 | AM17: =AL17*O17/1000 -> 47.353564 | AN17: =IFERROR(AL17/U17,0) -> 1 | AO17: =M17-AB17 -> 4083 | AP17: =AO17*O17/1000 -> 47.4 | AQ17: =IFERROR((AC17+AD17)/M17,0) -> 0 | AT17: =IF(OR(W17="",AS17=""),"",AS17-W17) | AU17: =IF(M17=0,"",RANK(M17,$M$8:$M$474)) -> 13 | AV17: =IF(AB17=0,"",RANK(AB17,$AB$8:$AB$474)) | AW17: =IF(OR(AU17="",AV17=""),"",AU17-AV17)
A18: HOMBRE | B18: CHAQUETA HOMBRE | C18: PARKA | D18: 2621JA18 | E18: =COUNTIF('Detalle por artículo'!$K$8:$K$592,D18) -> 1 | F18: =IFERROR(L18/G18,0) -> 164.65517 | G18: =SUMIF('Detalle por artículo'!$K$8:$K$592,$D18,'Detalle por artículo'!$E$8:$E$592) -> 43.5 | H18: =ROUNDUP(G18/1.54,0) -> 29 | I18: =ROUNDUP(G18/0.77,0) -> 57 | J18: =ROUNDUP(G18/0.385,0) -> 113 | K18: =G18/28 -> 1.5535714 | L18: =SUMIF('Detalle por artículo'!$K$8:$K$592,$D18,'Detalle por artículo'!$O$8:$O$592) -> 7162.5 | M18: =SUMIF('Detalle por artículo'!$K$8:$K$592,$D18,'Detalle por artículo'!$I$8:$I$592) -> 3746 | N18: =SUMIF('Detalle por artículo'!$K$8:$K$592,$D18,'Detalle por artículo'!$M$8:$M$592) -> 375 | O18: =IFERROR(G18/M18*1000,0) -> 11.612387 | P18: =IFERROR(L18/M18*1000,0) -> 1912.0395 | Q18: =IF(F18=0,0,IF(F18<120,0.2,IF(F18>200,0.1,0.15))) -> 0.15 | R18: =G18*(1+Q18) -> 50.025 | S18: =IFERROR(SUM($G$8:G18)/$G$6,0) -> 0.26450117 | T18: =IF(S18<=0.5,"A",IF(S18<=0.84,"B","C")) -> A | U18: 3746 | V18: =U18-M18 -> 0 | W18: 46308 | X18: 46308 | Y18: 0 | Z18: =Y18*O18/1000 -> 0 | AA18: =Z18/28 -> 0 | AB18: 0 | AC18: =IFERROR(INDEX(IMP_TOT,MATCH(D18,IMP_MOD,0)),0) -> 0 | AD18: =IFERROR(INDEX(REP_TOT,MATCH(D18,REP_MOD,0)),0) -> 0 | AE18: =IFERROR(INDEX(IMP_NT,MATCH(D18,IMP_MOD,0)),0) -> 0 | AF18: =IFERROR(AE18/TIENDAS,0) -> 0 | AG18: 0 | AH18: 0 | AI18: =IFERROR(AC18/M18,0) -> 0 | AJ18: =IFERROR(AD18/M18,0) -> 0 | AK18: =AC18*O18/1000 -> 0 | AL18: 3746 | AM18: =AL18*O18/1000 -> 43.5 | AN18: =IFERROR(AL18/U18,0) -> 1 | AO18: =M18-AB18 -> 3746 | AP18: =AO18*O18/1000 -> 43.5 | AQ18: =IFERROR((AC18+AD18)/M18,0) -> 0 | AT18: =IF(OR(W18="",AS18=""),"",AS18-W18) | AU18: =IF(M18=0,"",RANK(M18,$M$8:$M$474)) -> 17 | AV18: =IF(AB18=0,"",RANK(AB18,$AB$8:$AB$474)) | AW18: =IF(OR(AU18="",AV18=""),"",AU18-AV18)
A19: HOMBRE | B19: CHAQUETA HOMBRE | C19: PLUMIFERO | D19: 2621JA54 | E19: =COUNTIF('Detalle por artículo'!$K$8:$K$592,D19) -> 3 | F19: =IFERROR(L19/G19,0) -> 101.97526 | G19: =SUMIF('Detalle por artículo'!$K$8:$K$592,$D19,'Detalle por artículo'!$E$8:$E$592) -> 43.488 | H19: =ROUNDUP(G19/1.54,0) -> 29 | I19: =ROUNDUP(G19/0.77,0) -> 57 | J19: =ROUNDUP(G19/0.385,0) -> 113 | K19: =G19/28 -> 1.5531429 | L19: =SUMIF('Detalle por artículo'!$K$8:$K$592,$D19,'Detalle por artículo'!$O$8:$O$592) -> 4434.7 | M19: =SUMIF('Detalle por artículo'!$K$8:$K$592,$D19,'Detalle por artículo'!$I$8:$I$592) -> 3609 | N19: =SUMIF('Detalle por artículo'!$K$8:$K$592,$D19,'Detalle por artículo'!$M$8:$M$592) -> 453 | O19: =IFERROR(G19/M19*1000,0) -> 12.049875 | P19: =IFERROR(L19/M19*1000,0) -> 1228.7891 | Q19: =IF(F19=0,0,IF(F19<120,0.2,IF(F19>200,0.1,0.15))) -> 0.2 | R19: =G19*(1+Q19) -> 52.1856 | S19: =IFERROR(SUM($G$8:G19)/$G$6,0) -> 0.28048143 | T19: =IF(S19<=0.5,"A",IF(S19<=0.84,"B","C")) -> A | U19: 3610 | V19: =U19-M19 -> 1 | W19: 46253 | X19: 46253 | Y19: 0 | Z19: =Y19*O19/1000 -> 0 | AA19: =Z19/28 -> 0 | AB19: 1374 | AC19: =IFERROR(INDEX(IMP_TOT,MATCH(D19,IMP_MOD,0)),0) -> 1120 | AD19: =IFERROR(INDEX(REP_TOT,MATCH(D19,REP_MOD,0)),0) -> 243 | AE19: =IFERROR(INDEX(IMP_NT,MATCH(D19,IMP_MOD,0)),0) -> 48 | AF19: =IFERROR(AE19/TIENDAS,0) -> 0.96 | AG19: 11 | AH19: 0 | AI19: =IFERROR(AC19/M19,0) -> 0.31033527 | AJ19: =IFERROR(AD19/M19,0) -> 0.067331671 | AK19: =AC19*O19/1000 -> 13.49586 | AL19: 2234 | AM19: =AL19*O19/1000 -> 26.919421 | AN19: =IFERROR(AL19/U19,0) -> 0.61883657 | AO19: =M19-AB19 -> 2235 | AP19: =AO19*O19/1000 -> 26.931471 | AQ19: =IFERROR((AC19+AD19)/M19,0) -> 0.37766694 | AR19: 46260 | AS19: 46260 | AT19: =IF(OR(W19="",AS19=""),"",AS19-W19) -> 7 | AU19: =IF(M19=0,"",RANK(M19,$M$8:$M$474)) -> 19 | AV19: =IF(AB19=0,"",RANK(AB19,$AB$8:$AB$474)) -> 31 | AW19: =IF(OR(AU19="",AV19=""),"",AU19-AV19) -> -12
A20: HOMBRE | B20: CHAQUETA HOMBRE | C20: PLUMIFERO | D20: 2621JA56 | E20: =COUNTIF('Detalle por artículo'!$K$8:$K$592,D20) -> 1 | F20: =IFERROR(L20/G20,0) -> 164.75166 | G20: =SUMIF('Detalle por artículo'!$K$8:$K$592,$D20,'Detalle por artículo'!$E$8:$E$592) -> 42.28 | H20: =ROUNDUP(G20/1.54,0) -> 28 | I20: =ROUNDUP(G20/0.77,0) -> 55 | J20: =ROUNDUP(G20/0.385,0) -> 110 | K20: =G20/28 -> 1.51 | L20: =SUMIF('Detalle por artículo'!$K$8:$K$592,$D20,'Detalle por artículo'!$O$8:$O$592) -> 6965.7 | M20: =SUMIF('Detalle por artículo'!$K$8:$K$592,$D20,'Detalle por artículo'!$I$8:$I$592) -> 4031 | N20: =SUMIF('Detalle por artículo'!$K$8:$K$592,$D20,'Detalle por artículo'!$M$8:$M$592) -> 405 | O20: =IFERROR(G20/M20*1000,0) -> 10.488712 | P20: =IFERROR(L20/M20*1000,0) -> 1728.0327 | Q20: =IF(F20=0,0,IF(F20<120,0.2,IF(F20>200,0.1,0.15))) -> 0.15 | R20: =G20*(1+Q20) -> 48.622 | S20: =IFERROR(SUM($G$8:G20)/$G$6,0) -> 0.2960178 | T20: =IF(S20<=0.5,"A",IF(S20<=0.84,"B","C")) -> A | U20: 4031 | V20: =U20-M20 -> 0 | W20: 46309 | X20: 46309 | Y20: 0 | Z20: =Y20*O20/1000 -> 0 | AA20: =Z20/28 -> 0 | AB20: 0 | AC20: =IFERROR(INDEX(IMP_TOT,MATCH(D20,IMP_MOD,0)),0) -> 0 | AD20: =IFERROR(INDEX(REP_TOT,MATCH(D20,REP_MOD,0)),0) -> 0 | AE20: =IFERROR(INDEX(IMP_NT,MATCH(D20,IMP_MOD,0)),0) -> 0 | AF20: =IFERROR(AE20/TIENDAS,0) -> 0 | AG20: 0 | AH20: 0 | AI20: =IFERROR(AC20/M20,0) -> 0 | AJ20: =IFERROR(AD20/M20,0) -> 0 | AK20: =AC20*O20/1000 -> 0 | AL20: 4031 | AM20: =AL20*O20/1000 -> 42.28 | AN20: =IFERROR(AL20/U20,0) -> 1 | AO20: =M20-AB20 -> 4031 | AP20: =AO20*O20/1000 -> 42.28 | AQ20: =IFERROR((AC20+AD20)/M20,0) -> 0 | AT20: =IF(OR(W20="",AS20=""),"",AS20-W20) | AU20: =IF(M20=0,"",RANK(M20,$M$8:$M$474)) -> 15 | AV20: =IF(AB20=0,"",RANK(AB20,$AB$8:$AB$474)) | AW20: =IF(OR(AU20="",AV20=""),"",AU20-AV20)
A21: HOMBRE | B21: CHAQUETA HOMBRE | C21: CAZADORA | D21: 2621JA00 | E21: =COUNTIF('Detalle por artículo'!$K$8:$K$592,D21) -> 1 | F21: =IFERROR(L21/G21,0) -> 164.30836 | G21: =SUMIF('Detalle por artículo'!$K$8:$K$592,$D21,'Detalle por artículo'!$E$8:$E$592) -> 30.912 | H21: =ROUNDUP(G21/1.54,0) -> 21 | I21: =ROUNDUP(G21/0.77,0) -> 41 | J21: =ROUNDUP(G21/0.385,0) -> 81 | K21: =G21/28 -> 1.104 | L21: =SUMIF('Detalle por artículo'!$K$8:$K$592,$D21,'Detalle por artículo'!$O$8:$O$592) -> 5079.1 | M21: =SUMIF('Detalle por artículo'!$K$8:$K$592,$D21,'Detalle por artículo'!$I$8:$I$592) -> 4804 | N21: =SUMIF('Detalle por artículo'!$K$8:$K$592,$D21,'Detalle por artículo'!$M$8:$M$592) -> 322 | O21: =IFERROR(G21/M21*1000,0) -> 6.4346378 | P21: =IFERROR(L21/M21*1000,0) -> 1057.2648 | Q21: =IF(F21=0,0,IF(F21<120,0.2,IF(F21>200,0.1,0.15))) -> 0.15 | R21: =G21*(1+Q21) -> 35.5488 | S21: =IFERROR(SUM($G$8:G21)/$G$6,0) -> 0.30737684 | T21: =IF(S21<=0.5,"A",IF(S21<=0.84,"B","C")) -> A | U21: 4775 | V21: =U21-M21 -> -29 | W21: 46281 | X21: 46281 | Y21: 38 | Z21: =Y21*O21/1000 -> 0.24451624 | AA21: =Z21/28 -> 0.0087327227 | AB21: 2320 | AC21: =IFERROR(INDEX(IMP_TOT,MATCH(D21,IMP_MOD,0)),0) -> 1317 | AD21: =IFERROR(INDEX(REP_TOT,MATCH(D21,REP_MOD,0)),0) -> 961 | AE21: =IFERROR(INDEX(IMP_NT,MATCH(D21,IMP_MOD,0)),0) -> 48 | AF21: =IFERROR(AE21/TIENDAS,0) -> 0.96 | AG21: 18 | AH21: 27 | AI21: =IFERROR(AC21/M21,0) -> 0.27414654 | AJ21: =IFERROR(AD21/M21,0) -> 0.20004163 | AK21: =AC21*O21/1000 -> 8.474418 | AL21: 2446 | AM21: =AL21*O21/1000 -> 15.739124 | AN21: =IFERROR(AL21/U21,0) -> 0.51225131 | AO21: =M21-AB21 -> 2484 | AP21: =AO21*O21/1000 -> 15.98364 | AQ21: =IFERROR((AC21+AD21)/M21,0) -> 0.47418818 | AR21: 46281 | AS21: 46282 | AT21: =IF(OR(W21="",AS21=""),"",AS21-W21) -> 1 | AU21: =IF(M21=0,"",RANK(M21,$M$8:$M$474)) -> 11 | AV21: =IF(AB21=0,"",RANK(AB21,$AB$8:$AB$474)) -> 4 | AW21: =IF(OR(AU21="",AV21=""),"",AU21-AV21) -> 7
A22: HOMBRE | B22: CHAQUETA HOMBRE | C22: CAZADORA | D22: 2621JA22 | E22: =COUNTIF('Detalle por artículo'!$K$8:$K$592,D22) -> 1 | F22: =IFERROR(L22/G22,0) -> 175.4758 | G22: =SUMIF('Detalle por artículo'!$K$8:$K$592,$D22,'Detalle por artículo'!$E$8:$E$592) -> 29.424 | H22: =ROUNDUP(G22/1.54,0) -> 20 | I22: =ROUNDUP(G22/0.77,0) -> 39 | J22: =ROUNDUP(G22/0.385,0) -> 77 | K22: =G22/28 -> 1.0508571 | L22: =SUMIF('Detalle por artículo'!$K$8:$K$592,$D22,'Detalle por artículo'!$O$8:$O$592) -> 5163.2 | M22: =SUMIF('Detalle por artículo'!$K$8:$K$592,$D22,'Detalle por artículo'!$I$8:$I$592) -> 4034 | N22: =SUMIF('Detalle por artículo'!$K$8:$K$592,$D22,'Detalle por artículo'!$M$8:$M$592) -> 271 | O22: =IFERROR(G22/M22*1000,0) -> 7.294001 | P22: =IFERROR(L22/M22*1000,0) -> 1279.9207 | Q22: =IF(F22=0,0,IF(F22<120,0.2,IF(F22>200,0.1,0.15))) -> 0.15 | R22: =G22*(1+Q22) -> 33.8376 | S22: =IFERROR(SUM($G$8:G22)/$G$6,0) -> 0.3181891 | T22: =IF(S22<=0.5,"A",IF(S22<=0.84,"B","C")) -> A | U22: 4035 | V22: =U22-M22 -> 1 | W22: 46272 | X22: 46272 | Y22: 4065 | Z22: =Y22*O22/1000 -> 29.650114 | AA22: =Z22/28 -> 1.0589326 | AB22: 2292 | AC22: =IFERROR(INDEX(IMP_TOT,MATCH(D22,IMP_MOD,0)),0) -> 1505 | AD22: =IFERROR(INDEX(REP_TOT,MATCH(D22,REP_MOD,0)),0) -> 750 | AE22: =IFERROR(INDEX(IMP_NT,MATCH(D22,IMP_MOD,0)),0) -> 49 | AF22: =IFERROR(AE22/TIENDAS,0) -> 0.98 | AG22: 17 | AH22: 24 | AI22: =IFERROR(AC22/M22,0) -> 0.37307883 | AJ22: =IFERROR(AD22/M22,0) -> 0.18591968 | AK22: =AC22*O22/1000 -> 10.977471 | AL22: 1754 | AM22: =AL22*O22/1000 -> 12.793678 | AN22: =IFERROR(AL22/U22,0) -> 0.43469641 | AO22: =M22-AB22 -> 1742 | AP22: =AO22*O22/1000 -> 12.70615 | AQ22: =IFERROR((AC22+AD22)/M22,0) -> 0.55899851 | AR22: 46274 | AS22: 46275 | AT22: =IF(OR(W22="",AS22=""),"",AS22-W22) -> 3 | AU22: =IF(M22=0,"",RANK(M22,$M$8:$M$474)) -> 14 | AV22: =IF(AB22=0,"",RANK(AB22,$AB$8:$AB$474)) -> 5 | AW22: =IF(OR(AU22="",AV22=""),"",AU22-AV22) -> 9
A23: MUJER | B23: CHAQUETA MUJER | C23: PARKA | D23: 2622JA72 | E23: =COUNTIF('Detalle por artículo'!$K$8:$K$592,D23) -> 1 | F23: =IFERROR(L23/G23,0) -> 111.50738 | G23: =SUMIF('Detalle por artículo'!$K$8:$K$592,$D23,'Detalle por artículo'!$E$8:$E$592) -> 25.74 | H23: =ROUNDUP(G23/1.54,0) -> 17 | I23: =ROUNDUP(G23/0.77,0) -> 34 | J23: =ROUNDUP(G23/0.385,0) -> 67 | K23: =G23/28 -> 0.91928571 | L23: =SUMIF('Detalle por artículo'!$K$8:$K$592,$D23,'Detalle por artículo'!$O$8:$O$592) -> 2870.2 | M23: =SUMIF('Detalle por artículo'!$K$8:$K$592,$D23,'Detalle por artículo'!$I$8:$I$592) -> 1915 | N23: =SUMIF('Detalle por artículo'!$K$8:$K$592,$D23,'Detalle por artículo'!$M$8:$M$592) -> 240 | O23: =IFERROR(G23/M23*1000,0) -> 13.441253 | P23: =IFERROR(L23/M23*1000,0) -> 1498.799 | Q23: =IF(F23=0,0,IF(F23<120,0.2,IF(F23>200,0.1,0.15))) -> 0.2 | R23: =G23*(1+Q23) -> 30.888 | S23: =IFERROR(SUM($G$8:G23)/$G$6,0) -> 0.32764762 | T23: =IF(S23<=0.5,"A",IF(S23<=0.84,"B","C")) -> A | U23: 1915 | V23: =U23-M23 -> 0 | W23: 46286 | X23: 46286 | Y23: 32 | Z23: =Y23*O23/1000 -> 0.4301201 | AA23: =Z23/28 -> 0.015361432 | AB23: 591 | AC23: =IFERROR(INDEX(IMP_TOT,MATCH(D23,IMP_MOD,0)),0) -> 584 | AD23: =IFERROR(INDEX(REP_TOT,MATCH(D23,REP_MOD,0)),0) -> 0 | AE23: =IFERROR(INDEX(IMP_NT,MATCH(D23,IMP_MOD,0)),0) -> 30 | AF23: =IFERROR(AE23/TIENDAS,0) -> 0.6 | AG23: 7 | AH23: 0 | AI23: =IFERROR(AC23/M23,0) -> 0.30496084 | AJ23: =IFERROR(AD23/M23,0) -> 0 | AK23: =AC23*O23/1000 -> 7.8496919 | AL23: 1324 | AM23: =AL23*O23/1000 -> 17.796219 | AN23: =IFERROR(AL23/U23,0) -> 0.69138381 | AO23: =M23-AB23 -> 1324 | AP23: =AO23*O23/1000 -> 17.796219 | AQ23: =IFERROR((AC23+AD23)/M23,0) -> 0.30496084 | AR23: 46293 | AS23: 46294 | AT23: =IF(OR(W23="",AS23=""),"",AS23-W23) -> 8 | AU23: =IF(M23=0,"",RANK(M23,$M$8:$M$474)) -> 46 | AV23: =IF(AB23=0,"",RANK(AB23,$AB$8:$AB$474)) -> 203 | AW23: =IF(OR(AU23="",AV23=""),"",AU23-AV23) -> -157
A24: MUJER | B24: CHAQUETA MUJER | C24: PLUMIFERO | D24: 2622JA56 | E24: =COUNTIF('Detalle por artículo'!$K$8:$K$592,D24) -> 2 | F24: =IFERROR(L24/G24,0) -> 123.54219 | G24: =SUMIF('Detalle por artículo'!$K$8:$K$592,$D24,'Detalle por artículo'!$E$8:$E$592) -> 24.866 | H24: =ROUNDUP(G24/1.54,0) -> 17 | I24: =ROUNDUP(G24/0.77,0) -> 33 | J24: =ROUNDUP(G24/0.385,0) -> 65 | K24: =G24/28 -> 0.88807143 | L24: =SUMIF('Detalle por artículo'!$K$8:$K$592,$D24,'Detalle por artículo'!$O$8:$O$592) -> 3072 | M24: =SUMIF('Detalle por artículo'!$K$8:$K$592,$D24,'Detalle por artículo'!$I$8:$I$592) -> 1826 | N24: =SUMIF('Detalle por artículo'!$K$8:$K$592,$D24,'Detalle por artículo'!$M$8:$M$592) -> 260 | O24: =IFERROR(G24/M24*1000,0) -> 13.617744 | P24: =IFERROR(L24/M24*1000,0) -> 1682.3658 | Q24: =IF(F24=0,0,IF(F24<120,0.2,IF(F24>200,0.1,0.15))) -> 0.15 | R24: =G24*(1+Q24) -> 28.5959 | S24: =IFERROR(SUM($G$8:G24)/$G$6,0) -> 0.33678497 | T24: =IF(S24<=0.5,"A",IF(S24<=0.84,"B","C")) -> A | U24: 1827 | V24: =U24-M24 -> 1 | W24: 46282 | X24: 46282 | Y24: 14 | Z24: =Y24*O24/1000 -> 0.19064841 | AA24: =Z24/28 -> 0.0068088719 | AB24: 386 | AC24: =IFERROR(INDEX(IMP_TOT,MATCH(D24,IMP_MOD,0)),0) -> 367 | AD24: =IFERROR(INDEX(REP_TOT,MATCH(D24,REP_MOD,0)),0) -> 5 | AE24: =IFERROR(INDEX(IMP_NT,MATCH(D24,IMP_MOD,0)),0) -> 37 | AF24: =IFERROR(AE24/TIENDAS,0) -> 0.74 | AG24: 6 | AH24: 8 | AI24: =IFERROR(AC24/M24,0) -> 0.20098576 | AJ24: =IFERROR(AD24/M24,0) -> 0.0027382256 | AK24: =AC24*O24/1000 -> 4.9977119 | AL24: 1441 | AM24: =AL24*O24/1000 -> 19.623169 | AN24: =IFERROR(AL24/U24,0) -> 0.78872469 | AO24: =M24-AB24 -> 1440 | AP24: =AO24*O24/1000 -> 19.609551 | AQ24: =IFERROR((AC24+AD24)/M24,0) -> 0.20372399 | AR24: 46285 | AS24: 46287 | AT24: =IF(OR(W24="",AS24=""),"",AS24-W24) -> 5 | AU24: =IF(M24=0,"",RANK(M24,$M$8:$M$474)) -> 53 | AV24: =IF(AB24=0,"",RANK(AB24,$AB$8:$AB$474)) -> 331 | AW24: =IF(OR(AU24="",AV24=""),"",AU24-AV24) -> -278
A25: MUJER | B25: CHAQUETA MUJER | C25: PLUMIFERO | D25: 2622JA76 | E25: =COUNTIF('Detalle por artículo'!$K$8:$K$592,D25) -> 2 | F25: =IFERROR(L25/G25,0) -> 90.894466 | G25: =SUMIF('Detalle por artículo'!$K$8:$K$592,$D25,'Detalle por artículo'!$E$8:$E$592) -> 24.864 | H25: =ROUNDUP(G25/1.54,0) -> 17 | I25: =ROUNDUP(G25/0.77,0) -> 33 | J25: =ROUNDUP(G25/0.385,0) -> 65 | K25: =G25/28 -> 0.888 | L25: =SUMIF('Detalle por artículo'!$K$8:$K$592,$D25,'Detalle por artículo'!$O$8:$O$592) -> 2260 | M25: =SUMIF('Detalle por artículo'!$K$8:$K$592,$D25,'Detalle por artículo'!$I$8:$I$592) -> 2071 | N25: =SUMIF('Detalle por artículo'!$K$8:$K$592,$D25,'Detalle por artículo'!$M$8:$M$592) -> 259 | O25: =IFERROR(G25/M25*1000,0) -> 12.005794 | P25: =IFERROR(L25/M25*1000,0) -> 1091.2603 | Q25: =IF(F25=0,0,IF(F25<120,0.2,IF(F25>200,0.1,0.15))) -> 0.2 | R25: =G25*(1+Q25) -> 29.8368 | S25: =IFERROR(SUM($G$8:G25)/$G$6,0) -> 0.34592159 | T25: =IF(S25<=0.5,"A",IF(S25<=0.84,"B","C")) -> A | U25: 2067 | V25: =U25-M25 -> -4 | W25: 46282 | X25: 46282 | Y25: 13 | Z25: =Y25*O25/1000 -> 0.15607533 | AA25: =Z25/28 -> 0.0055741188 | AB25: 610 | AC25: =IFERROR(INDEX(IMP_TOT,MATCH(D25,IMP_MOD,0)),0) -> 573 | AD25: =IFERROR(INDEX(REP_TOT,MATCH(D25,REP_MOD,0)),0) -> 18 | AE25: =IFERROR(INDEX(IMP_NT,MATCH(D25,IMP_MOD,0)),0) -> 37 | AF25: =IFERROR(AE25/TIENDAS,0) -> 0.74 | AG25: 19 | AH25: 0 | AI25: =IFERROR(AC25/M25,0) -> 0.27667793 | AJ25: =IFERROR(AD25/M25,0) -> 0.0086914534 | AK25: =AC25*O25/1000 -> 6.8793201 | AL25: 1457 | AM25: =AL25*O25/1000 -> 17.492442 | AN25: =IFERROR(AL25/U25,0) -> 0.70488631 | AO25: =M25-AB25 -> 1461 | AP25: =AO25*O25/1000 -> 17.540465 | AQ25: =IFERROR((AC25+AD25)/M25,0) -> 0.28536939 | AR25: 46285 | AS25: 46287 | AT25: =IF(OR(W25="",AS25=""),"",AS25-W25) -> 5 | AU25: =IF(M25=0,"",RANK(M25,$M$8:$M$474)) -> 39 | AV25: =IF(AB25=0,"",RANK(AB25,$AB$8:$AB$474)) -> 181 | AW25: =IF(OR(AU25="",AV25=""),"",AU25-AV25) -> -142
A26: HOMBRE | B26: CHAQUETA HOMBRE | C26: ABRIGO | D26: 2621JA62 | E26: =COUNTIF('Detalle por artículo'!$K$8:$K$592,D26) -> 1 | F26: =IFERROR(L26/G26,0) -> 142.42343 | G26: =SUMIF('Detalle por artículo'!$K$8:$K$592,$D26,'Detalle por artículo'!$E$8:$E$592) -> 22.464 | H26: =ROUNDUP(G26/1.54,0) -> 15 | I26: =ROUNDUP(G26/0.77,0) -> 30 | J26: =ROUNDUP(G26/0.385,0) -> 59 | K26: =G26/28 -> 0.80228571 | L26: =SUMIF('Detalle por artículo'!$K$8:$K$592,$D26,'Detalle por artículo'!$O$8:$O$592) -> 3199.4 | M26: =SUMIF('Detalle por artículo'!$K$8:$K$592,$D26,'Detalle por artículo'!$I$8:$I$592) -> 1803 | N26: =SUMIF('Detalle por artículo'!$K$8:$K$592,$D26,'Detalle por artículo'!$M$8:$M$592) -> 234 | O26: =IFERROR(G26/M26*1000,0) -> 12.459235 | P26: =IFERROR(L26/M26*1000,0) -> 1774.487 | Q26: =IF(F26=0,0,IF(F26<120,0.2,IF(F26>200,0.1,0.15))) -> 0.15 | R26: =G26*(1+Q26) -> 25.8336 | S26: =IFERROR(SUM($G$8:G26)/$G$6,0) -> 0.3541763 | T26: =IF(S26<=0.5,"A",IF(S26<=0.84,"B","C")) -> A | U26: 1803 | V26: =U26-M26 -> 0 | W26: 46223 | X26: 46223 | Y26: 0 | Z26: =Y26*O26/1000 -> 0 | AA26: =Z26/28 -> 0 | AB26: 464 | AC26: =IFERROR(INDEX(IMP_TOT,MATCH(D26,IMP_MOD,0)),0) -> 294 | AD26: =IFERROR(INDEX(REP_TOT,MATCH(D26,REP_MOD,0)),0) -> 143 | AE26: =IFERROR(INDEX(IMP_NT,MATCH(D26,IMP_MOD,0)),0) -> 37 | AF26: =IFERROR(AE26/TIENDAS,0) -> 0.74 | AG26: 5 | AH26: 22 | AI26: =IFERROR(AC26/M26,0) -> 0.16306156 | AJ26: =IFERROR(AD26/M26,0) -> 0.079312257 | AK26: =AC26*O26/1000 -> 3.663015 | AL26: 1339 | AM26: =AL26*O26/1000 -> 16.682915 | AN26: =IFERROR(AL26/U26,0) -> 0.74265114 | AO26: =M26-AB26 -> 1339 | AP26: =AO26*O26/1000 -> 16.682915 | AQ26: =IFERROR((AC26+AD26)/M26,0) -> 0.24237382 | AR26: 46233 | AS26: 46234 | AT26: =IF(OR(W26="",AS26=""),"",AS26-W26) -> 11 | AU26: =IF(M26=0,"",RANK(M26,$M$8:$M$474)) -> 56 | AV26: =IF(AB26=0,"",RANK(AB26,$AB$8:$AB$474)) -> 296 | AW26: =IF(OR(AU26="",AV26=""),"",AU26-AV26) -> -240
A27: HOMBRE | B27: CHAQUETA HOMBRE | C27: CAZADORA | D27: 2621JA44 | E27: =COUNTIF('Detalle por artículo'!$K$8:$K$592,D27) -> 1 | F27: =IFERROR(L27/G27,0) -> 126.51515 | G27: =SUMIF('Detalle por artículo'!$K$8:$K$592,$D27,'Detalle por artículo'!$E$8:$E$592) -> 20.46 | H27: =ROUNDUP(G27/1.54,0) -> 14 | I27: =ROUNDUP(G27/0.77,0) -> 27 | J27: =ROUNDUP(G27/0.385,0) -> 54 | K27: =G27/28 -> 0.73071429 | L27: =SUMIF('Detalle por artículo'!$K$8:$K$592,$D27,'Detalle por artículo'!$O$8:$O$592) -> 2588.5 | M27: =SUMIF('Detalle por artículo'!$K$8:$K$592,$D27,'Detalle por artículo'!$I$8:$I$592) -> 2546 | N27: =SUMIF('Detalle por artículo'!$K$8:$K$592,$D27,'Detalle por artículo'!$M$8:$M$592) -> 196 | O27: =IFERROR(G27/M27*1000,0) -> 8.0361351 | P27: =IFERROR(L27/M27*1000,0) -> 1016.6929 | Q27: =IF(F27=0,0,IF(F27<120,0.2,IF(F27>200,0.1,0.15))) -> 0.15 | R27: =G27*(1+Q27) -> 23.529 | S27: =IFERROR(SUM($G$8:G27)/$G$6,0) -> 0.3616946 | T27: =IF(S27<=0.5,"A",IF(S27<=0.84,"B","C")) -> A | U27: 2546 | V27: =U27-M27 -> 0 | W27: 46303 | X27: 46303 | Y27: 0 | Z27: =Y27*O27/1000 -> 0 | AA27: =Z27/28 -> 0 | AB27: 766 | AC27: =IFERROR(INDEX(IMP_TOT,MATCH(D27,IMP_MOD,0)),0) -> 423 | AD27: =IFERROR(INDEX(REP_TOT,MATCH(D27,REP_MOD,0)),0) -> 342 | AE27: =IFERROR(INDEX(IMP_NT,MATCH(D27,IMP_MOD,0)),0) -> 48 | AF27: =IFERROR(AE27/TIENDAS,0) -> 0.96 | AG27: 1 | AH27: 0 | AI27: =IFERROR(AC27/M27,0) -> 0.16614297 | AJ27: =IFERROR(AD27/M27,0) -> 0.13432836 | AK27: =AC27*O27/1000 -> 3.3992852 | AL27: 1780 | AM27: =AL27*O27/1000 -> 14.304321 | AN27: =IFERROR(AL27/U27,0) -> 0.6991359 | AO27: =M27-AB27 -> 1780 | AP27: =AO27*O27/1000 -> 14.304321 | AQ27: =IFERROR((AC27+AD27)/M27,0) -> 0.30047133 | AR27: 46303 | AS27: 46304 | AT27: =IF(OR(W27="",AS27=""),"",AS27-W27) -> 1 | AU27: =IF(M27=0,"",RANK(M27,$M$8:$M$474)) -> 27 | AV27: =IF(AB27=0,"",RANK(AB27,$AB$8:$AB$474)) -> 102 | AW27: =IF(OR(AU27="",AV27=""),"",AU27-AV27) -> -75
A28: MUJER | B28: CHAQUETA MUJER | C28: CAZADORA | D28: 2622JA12 | E28: =COUNTIF('Detalle por artículo'!$K$8:$K$592,D28) -> 2 | F28: =IFERROR(L28/G28,0) -> 230.40794 | G28: =SUMIF('Detalle por artículo'!$K$8:$K$592,$D28,'Detalle por artículo'!$E$8:$E$592) -> 18.949 | H28: =ROUNDUP(G28/1.54,0) -> 13 | I28: =ROUNDUP(G28/0.77,0) -> 25 | J28: =ROUNDUP(G28/0.385,0) -> 50 | K28: =G28/28 -> 0.67675 | L28: =SUMIF('Detalle por artículo'!$K$8:$K$592,$D28,'Detalle por artículo'!$O$8:$O$592) -> 4366 | M28: =SUMIF('Detalle por artículo'!$K$8:$K$592,$D28,'Detalle por artículo'!$I$8:$I$592) -> 3856 | N28: =SUMIF('Detalle por artículo'!$K$8:$K$592,$D28,'Detalle por artículo'!$M$8:$M$592) -> 242 | O28: =IFERROR(G28/M28*1000,0) -> 4.9141598 | P28: =IFERROR(L28/M28*1000,0) -> 1132.2614 | Q28: =IF(F28=0,0,IF(F28<120,0.2,IF(F28>200,0.1,0.15))) -> 0.1 | R28: =G28*(1+Q28) -> 20.8439 | S28: =IFERROR(SUM($G$8:G28)/$G$6,0) -> 0.36865768 | T28: =IF(S28<=0.5,"A",IF(S28<=0.84,"B","C")) -> A | U28: 3859 | V28: =U28-M28 -> 3 | W28: 46245 | X28: 46245 | Y28: 1 | Z28: =Y28*O28/1000 -> 0.0049141598 | AA28: =Z28/28 -> 0.00017550571 | AB28: 1652 | AC28: =IFERROR(INDEX(IMP_TOT,MATCH(D28,IMP_MOD,0)),0) -> 929 | AD28: =IFERROR(INDEX(REP_TOT,MATCH(D28,REP_MOD,0)),0) -> 696 | AE28: =IFERROR(INDEX(IMP_NT,MATCH(D28,IMP_MOD,0)),0) -> 48 | AF28: =IFERROR(AE28/TIENDAS,0) -> 0.96 | AG28: 11 | AH28: 16 | AI28: =IFERROR(AC28/M28,0) -> 0.24092324 | AJ28: =IFERROR(AD28/M28,0) -> 0.18049793 | AK28: =AC28*O28/1000 -> 4.5652544 | AL28: 2185 | AM28: =AL28*O28/1000 -> 10.737439 | AN28: =IFERROR(AL28/U28,0) -> 0.56620886 | AO28: =M28-AB28 -> 2204 | AP28: =AO28*O28/1000 -> 10.830808 | AQ28: =IFERROR((AC28+AD28)/M28,0) -> 0.42142116 | AR28: 46254 | AS28: 46255 | AT28: =IF(OR(W28="",AS28=""),"",AS28-W28) -> 10 | AU28: =IF(M28=0,"",RANK(M28,$M$8:$M$474)) -> 16 | AV28: =IF(AB28=0,"",RANK(AB28,$AB$8:$AB$474)) -> 17 | AW28: =IF(OR(AU28="",AV28=""),"",AU28-AV28) -> -1
A29: HOMBRE | B29: SUDADERA HOMBRE | C29: HIGH NECK | D29: 2621SU17 | E29: =COUNTIF('Detalle por artículo'!$K$8:$K$592,D29) -> 2 | F29: =IFERROR(L29/G29,0) -> 101.02508 | G29: =SUMIF('Detalle por artículo'!$K$8:$K$592,$D29,'Detalle por artículo'!$E$8:$E$592) -> 18.34 | H29: =ROUNDUP(G29/1.54,0) -> 12 | I29: =ROUNDUP(G29/0.77,0) -> 24 | J29: =ROUNDUP(G29/0.385,0) -> 48 | K29: =G29/28 -> 0.655 | L29: =SUMIF('Detalle por artículo'!$K$8:$K$592,$D29,'Detalle por artículo'!$O$8:$O$592) -> 1852.8 | M29: =SUMIF('Detalle por artículo'!$K$8:$K$592,$D29,'Detalle por artículo'!$I$8:$I$592) -> 3316 | N29: =SUMIF('Detalle por artículo'!$K$8:$K$592,$D29,'Detalle por artículo'!$M$8:$M$592) -> 191 | O29: =IFERROR(G29/M29*1000,0) -> 5.53076 | P29: =IFERROR(L29/M29*1000,0) -> 558.74548 | Q29: =IF(F29=0,0,IF(F29<120,0.2,IF(F29>200,0.1,0.15))) -> 0.2 | R29: =G29*(1+Q29) -> 22.008 | S29: =IFERROR(SUM($G$8:G29)/$G$6,0) -> 0.37539696 | T29: =IF(S29<=0.5,"A",IF(S29<=0.84,"B","C")) -> A | U29: 3313 | V29: =U29-M29 -> -3 | W29: 46234 | X29: 46234 | Y29: 19 | Z29: =Y29*O29/1000 -> 0.10508444 | AA29: =Z29/28 -> 0.0037530157 | AB29: 1474 | AC29: =IFERROR(INDEX(IMP_TOT,MATCH(D29,IMP_MOD,0)),0) -> 607 | AD29: =IFERROR(INDEX(REP_TOT,MATCH(D29,REP_MOD,0)),0) -> 823 | AE29: =IFERROR(INDEX(IMP_NT,MATCH(D29,IMP_MOD,0)),0) -> 44 | AF29: =IFERROR(AE29/TIENDAS,0) -> 0.88 | AG29: 10 | AH29: 38 | AI29: =IFERROR(AC29/M29,0) -> 0.18305187 | AJ29: =IFERROR(AD29/M29,0) -> 0.24819059 | AK29: =AC29*O29/1000 -> 3.3571713 | AL29: 1839 | AM29: =AL29*O29/1000 -> 10.171068 | AN29: =IFERROR(AL29/U29,0) -> 0.55508602 | AO29: =M29-AB29 -> 1842 | AP29: =AO29*O29/1000 -> 10.18766 | AQ29: =IFERROR((AC29+AD29)/M29,0) -> 0.43124246 | AR29: 46254 | AS29: 46255 | AT29: =IF(OR(W29="",AS29=""),"",AS29-W29) -> 21 | AU29: =IF(M29=0,"",RANK(M29,$M$8:$M$474)) -> 20 | AV29: =IF(AB29=0,"",RANK(AB29,$AB$8:$AB$474)) -> 24 | AW29: =IF(OR(AU29="",AV29=""),"",AU29-AV29) -> -4
A30: HOMBRE | B30: CHAQUETA HOMBRE | C30: SUDADERA | D30: 2621JA95 | E30: =COUNTIF('Detalle por artículo'!$K$8:$K$592,D30) -> 1 | F30: =IFERROR(L30/G30,0) -> 114.52736 | G30: =SUMIF('Detalle por artículo'!$K$8:$K$592,$D30,'Detalle por artículo'!$E$8:$E$592) -> 18.09 | H30: =ROUNDUP(G30/1.54,0) -> 12 | I30: =ROUNDUP(G30/0.77,0) -> 24 | J30: =ROUNDUP(G30/0.385,0) -> 47 | K30: =G30/28 -> 0.64607143 | L30: =SUMIF('Detalle por artículo'!$K$8:$K$592,$D30,'Detalle por artículo'!$O$8:$O$592) -> 2071.8 | M30: =SUMIF('Detalle por artículo'!$K$8:$K$592,$D30,'Detalle por artículo'!$I$8:$I$592) -> 2014 | N30: =SUMIF('Detalle por artículo'!$K$8:$K$592,$D30,'Detalle por artículo'!$M$8:$M$592) -> 201 | O30: =IFERROR(G30/M30*1000,0) -> 8.9821251 | P30: =IFERROR(L30/M30*1000,0) -> 1028.6991 | Q30: =IF(F30=0,0,IF(F30<120,0.2,IF(F30>200,0.1,0.15))) -> 0.2 | R30: =G30*(1+Q30) -> 21.708 | S30: =IFERROR(SUM($G$8:G30)/$G$6,0) -> 0.38204438 | T30: =IF(S30<=0.5,"A",IF(S30<=0.84,"B","C")) -> A | U30: 2018 | V30: =U30-M30 -> 4 | W30: 46259 | X30: 46259 | Y30: 6 | Z30: =Y30*O30/1000 -> 0.053892751 | AA30: =Z30/28 -> 0.0019247411 | AB30: 1326 | AC30: =IFERROR(INDEX(IMP_TOT,MATCH(D30,IMP_MOD,0)),0) -> 826 | AD30: =IFERROR(INDEX(REP_TOT,MATCH(D30,REP_MOD,0)),0) -> 471 | AE30: =IFERROR(INDEX(IMP_NT,MATCH(D30,IMP_MOD,0)),0) -> 48 | AF30: =IFERROR(AE30/TIENDAS,0) -> 0.96 | AG30: 13 | AH30: 16 | AI30: =IFERROR(AC30/M30,0) -> 0.4101291 | AJ30: =IFERROR(AD30/M30,0) -> 0.23386296 | AK30: =AC30*O30/1000 -> 7.4192354 | AL30: 690 | AM30: =AL30*O30/1000 -> 6.1976663 | AN30: =IFERROR(AL30/U30,0) -> 0.3419227 | AO30: =M30-AB30 -> 688 | AP30: =AO30*O30/1000 -> 6.1797021 | AQ30: =IFERROR((AC30+AD30)/M30,0) -> 0.64399206 | AR30: 46268 | AS30: 46268 | AT30: =IF(OR(W30="",AS30=""),"",AS30-W30) -> 9 | AU30: =IF(M30=0,"",RANK(M30,$M$8:$M$474)) -> 42 | AV30: =IF(AB30=0,"",RANK(AB30,$AB$8:$AB$474)) -> 37 | AW30: =IF(OR(AU30="",AV30=""),"",AU30-AV30) -> 5
A31: HOMBRE | B31: CHAQUETA HOMBRE | C31: ABRIGO | D31: 2621JA63 | E31: =COUNTIF('Detalle por artículo'!$K$8:$K$592,D31) -> 1 | F31: =IFERROR(L31/G31,0) -> 136.97917 | G31: =SUMIF('Detalle por artículo'!$K$8:$K$592,$D31,'Detalle por artículo'!$E$8:$E$592) -> 17.856 | H31: =ROUNDUP(G31/1.54,0) -> 12 | I31: =ROUNDUP(G31/0.77,0) -> 24 | J31: =ROUNDUP(G31/0.385,0) -> 47 | K31: =G31/28 -> 0.63771429 | L31: =SUMIF('Detalle por artículo'!$K$8:$K$592,$D31,'Detalle por artículo'!$O$8:$O$592) -> 2445.9 | M31: =SUMIF('Detalle por artículo'!$K$8:$K$592,$D31,'Detalle por artículo'!$I$8:$I$592) -> 1601 | N31: =SUMIF('Detalle por artículo'!$K$8:$K$592,$D31,'Detalle por artículo'!$M$8:$M$592) -> 186 | O31: =IFERROR(G31/M31*1000,0) -> 11.153029 | P31: =IFERROR(L31/M31*1000,0) -> 1527.7327 | Q31: =IF(F31=0,0,IF(F31<120,0.2,IF(F31>200,0.1,0.15))) -> 0.15 | R31: =G31*(1+Q31) -> 20.5344 | S31: =IFERROR(SUM($G$8:G31)/$G$6,0) -> 0.38860582 | T31: =IF(S31<=0.5,"A",IF(S31<=0.84,"B","C")) -> A | U31: 1601 | V31: =U31-M31 -> 0 | W31: 46223 | X31: 46223 | Y31: 0 | Z31: =Y31*O31/1000 -> 0 | AA31: =Z31/28 -> 0 | AB31: 400 | AC31: =IFERROR(INDEX(IMP_TOT,MATCH(D31,IMP_MOD,0)),0) -> 281 | AD31: =IFERROR(INDEX(REP_TOT,MATCH(D31,REP_MOD,0)),0) -> 90 | AE31: =IFERROR(INDEX(IMP_NT,MATCH(D31,IMP_MOD,0)),0) -> 35 | AF31: =IFERROR(AE31/TIENDAS,0) -> 0.7 | AG31: 7 | AH31: 22 | AI31: =IFERROR(AC31/M31,0) -> 0.1755153 | AJ31: =IFERROR(AD31/M31,0) -> 0.056214866 | AK31: =AC31*O31/1000 -> 3.1340012 | AL31: 1201 | AM31: =AL31*O31/1000 -> 13.394788 | AN31: =IFERROR(AL31/U31,0) -> 0.75015615 | AO31: =M31-AB31 -> 1201 | AP31: =AO31*O31/1000 -> 13.394788 | AQ31: =IFERROR((AC31+AD31)/M31,0) -> 0.23173017 | AR31: 46233 | AS31: 46234 | AT31: =IF(OR(W31="",AS31=""),"",AS31-W31) -> 11 | AU31: =IF(M31=0,"",RANK(M31,$M$8:$M$474)) -> 80 | AV31: =IF(AB31=0,"",RANK(AB31,$AB$8:$AB$474)) -> 323 | AW31: =IF(OR(AU31="",AV31=""),"",AU31-AV31) -> -243
A32: HOMBRE | B32: CHAQUETA HOMBRE | C32: CAZADORA | D32: 2621JA23 | E32: =COUNTIF('Detalle por artículo'!$K$8:$K$592,D32) -> 1 | F32: =IFERROR(L32/G32,0) -> 139.89217 | G32: =SUMIF('Detalle por artículo'!$K$8:$K$592,$D32,'Detalle por artículo'!$E$8:$E$592) -> 17.62 | H32: =ROUNDUP(G32/1.54,0) -> 12 | I32: =ROUNDUP(G32/0.77,0) -> 23 | J32: =ROUNDUP(G32/0.385,0) -> 46 | K32: =G32/28 -> 0.62928571 | L32: =SUMIF('Detalle por artículo'!$K$8:$K$592,$D32,'Detalle por artículo'!$O$8:$O$592) -> 2464.9 | M32: =SUMIF('Detalle por artículo'!$K$8:$K$592,$D32,'Detalle por artículo'!$I$8:$I$592) -> 1608 | N32: =SUMIF('Detalle por artículo'!$K$8:$K$592,$D32,'Detalle por artículo'!$M$8:$M$592) -> 161 | O32: =IFERROR(G32/M32*1000,0) -> 10.957711 | P32: =IFERROR(L32/M32*1000,0) -> 1532.898 | Q32: =IF(F32=0,0,IF(F32<120,0.2,IF(F32>200,0.1,0.15))) -> 0.15 | R32: =G32*(1+Q32) -> 20.263 | S32: =IFERROR(SUM($G$8:G32)/$G$6,0) -> 0.39508053 | T32: =IF(S32<=0.5,"A",IF(S32<=0.84,"B","C")) -> A | U32: 1613 | V32: =U32-M32 -> 5 | W32: 46272 | X32: 46272 | Y32: 1618 | Z32: =Y32*O32/1000 -> 17.729577 | AA32: =Z32/28 -> 0.63319918 | AB32: 842 | AC32: =IFERROR(INDEX(IMP_TOT,MATCH(D32,IMP_MOD,0)),0) -> 576 | AD32: =IFERROR(INDEX(REP_TOT,MATCH(D32,REP_MOD,0)),0) -> 251 | AE32: =IFERROR(INDEX(IMP_NT,MATCH(D32,IMP_MOD,0)),0) -> 48 | AF32: =IFERROR(AE32/TIENDAS,0) -> 0.96 | AG32: 6 | AH32: 9 | AI32: =IFERROR(AC32/M32,0) -> 0.35820896 | AJ32: =IFERROR(AD32/M32,0) -> 0.15609453 | AK32: =AC32*O32/1000 -> 6.3116418 | AL32: 788 | AM32: =AL32*O32/1000 -> 8.6346766 | AN32: =IFERROR(AL32/U32,0) -> 0.48853069 | AO32: =M32-AB32 -> 766 | AP32: =AO32*O32/1000 -> 8.393607 | AQ32: =IFERROR((AC32+AD32)/M32,0) -> 0.51430348 | AR32: 46274 | AS32: 46275 | AT32: =IF(OR(W32="",AS32=""),"",AS32-W32) -> 3 | AU32: =IF(M32=0,"",RANK(M32,$M$8:$M$474)) -> 77 | AV32: =IF(AB32=0,"",RANK(AB32,$AB$8:$AB$474)) -> 89 | AW32: =IF(OR(AU32="",AV32=""),"",AU32-AV32) -> -12
... A42: HOMBRE | B42: CHAQUETA HOMBRE | C42: SUDADERA | D42: 2621JA84 | E42: =COUNTIF('Detalle por artículo'!$K$8:$K$592,D42) -> 1 | F42: =IFERROR(L42/G42,0) -> 120 | G42: =SUMIF('Detalle por artículo'!$K$8:$K$592,$D42,'Detalle por artículo'!$E$8:$E$592) -> 14.58 | H42: =ROUNDUP(G42/1.54,0) -> 10 | I42: =ROUNDUP(G42/0.77,0) -> 19 | J42: =ROUNDUP(G42/0.385,0) -> 38 | K42: =G42/28 -> 0.52071429 | L42: =SUMIF('Detalle por artículo'!$K$8:$K$592,$D42,'Detalle por artículo'!$O$8:$O$592) -> 1749.6 | M42: =SUMIF('Detalle por artículo'!$K$8:$K$592,$D42,'Detalle por artículo'!$I$8:$I$592) -> 1619 | N42: =SUMIF('Detalle por artículo'!$K$8:$K$592,$D42,'Detalle por artículo'!$M$8:$M$592) -> 162 | O42: =IFERROR(G42/M42*1000,0) -> 9.005559 | P42: =IFERROR(L42/M42*1000,0) -> 1080.6671 | Q42: =IF(F42=0,0,IF(F42<120,0.2,IF(F42>200,0.1,0.15))) -> 0.15 | R42: =G42*(1+Q42) -> 16.767 | S42: =IFERROR(SUM($G$8:G42)/$G$6,0) -> 0.4526283 | T42: =IF(S42<=0.5,"A",IF(S42<=0.84,"B","C")) -> A | U42: 1620 | V42: =U42-M42 -> 1 | W42: 46259 | X42: 46259 | Y42: 0 | Z42: =Y42*O42/1000 -> 0 | AA42: =Z42/28 -> 0 | AB42: 969 | AC42: =IFERROR(INDEX(IMP_TOT,MATCH(D42,IMP_MOD,0)),0) -> 459 | AD42: =IFERROR(INDEX(REP_TOT,MATCH(D42,REP_MOD,0)),0) -> 496 | AE42: =IFERROR(INDEX(IMP_NT,MATCH(D42,IMP_MOD,0)),0) -> 47 | AF42: =IFERROR(AE42/TIENDAS,0) -> 0.94 | AG42: 5 | AH42: 9 | AI42: =IFERROR(AC42/M42,0) -> 0.28350834 | AJ42: =IFERROR(AD42/M42,0) -> 0.30636195 | AK42: =AC42*O42/1000 -> 4.1335516 | AL42: 651 | AM42: =AL42*O42/1000 -> 5.8626189 | AN42: =IFERROR(AL42/U42,0) -> 0.40185185 | AO42: =M42-AB42 -> 650 | AP42: =AO42*O42/1000 -> 5.8536133 | AQ42: =IFERROR((AC42+AD42)/M42,0) -> 0.58987029 | AR42: 46268 | AS42: 46268 | AT42: =IF(OR(W42="",AS42=""),"",AS42-W42) -> 9 | AU42: =IF(M42=0,"",RANK(M42,$M$8:$M$474)) -> 76 | AV42: =IF(AB42=0,"",RANK(AB42,$AB$8:$AB$474)) -> 70 | AW42: =IF(OR(AU42="",AV42=""),"",AU42-AV42) -> 6
A43: HOMBRE | B43: CHAQUETA HOMBRE | C43: PLUMIFERO | D43: 2621JA65 | E43: =COUNTIF('Detalle por artículo'!$K$8:$K$592,D43) -> 1 | F43: =IFERROR(L43/G43,0) -> 102.92493 | G43: =SUMIF('Detalle por artículo'!$K$8:$K$592,$D43,'Detalle por artículo'!$E$8:$E$592) -> 14.12 | H43: =ROUNDUP(G43/1.54,0) -> 10 | I43: =ROUNDUP(G43/0.77,0) -> 19 | J43: =ROUNDUP(G43/0.385,0) -> 37 | K43: =G43/28 -> 0.50428571 | L43: =SUMIF('Detalle por artículo'!$K$8:$K$592,$D43,'Detalle por artículo'!$O$8:$O$592) -> 1453.3 | M43: =SUMIF('Detalle por artículo'!$K$8:$K$592,$D43,'Detalle por artículo'!$I$8:$I$592) -> 1027 | N43: =SUMIF('Detalle por artículo'!$K$8:$K$592,$D43,'Detalle por artículo'!$M$8:$M$592) -> 129 | O43: =IFERROR(G43/M43*1000,0) -> 13.748783 | P43: =IFERROR(L43/M43*1000,0) -> 1415.0925 | Q43: =IF(F43=0,0,IF(F43<120,0.2,IF(F43>200,0.1,0.15))) -> 0.2 | R43: =G43*(1+Q43) -> 16.944 | S43: =IFERROR(SUM($G$8:G43)/$G$6,0) -> 0.45781688 | T43: =IF(S43<=0.5,"A",IF(S43<=0.84,"B","C")) -> A | U43: 1026 | V43: =U43-M43 -> -1 | W43: 46308 | X43: 46308 | Y43: 11 | Z43: =Y43*O43/1000 -> 0.15123661 | AA43: =Z43/28 -> 0.0054013076 | AB43: 0 | AC43: =IFERROR(INDEX(IMP_TOT,MATCH(D43,IMP_MOD,0)),0) -> 0 | AD43: =IFERROR(INDEX(REP_TOT,MATCH(D43,REP_MOD,0)),0) -> 0 | AE43: =IFERROR(INDEX(IMP_NT,MATCH(D43,IMP_MOD,0)),0) -> 0 | AF43: =IFERROR(AE43/TIENDAS,0) -> 0 | AG43: 0 | AH43: 0 | AI43: =IFERROR(AC43/M43,0) -> 0 | AJ43: =IFERROR(AD43/M43,0) -> 0 | AK43: =AC43*O43/1000 -> 0 | AL43: 1026 | AM43: =AL43*O43/1000 -> 14.106251 | AN43: =IFERROR(AL43/U43,0) -> 1 | AO43: =M43-AB43 -> 1027 | AP43: =AO43*O43/1000 -> 14.12 | AQ43: =IFERROR((AC43+AD43)/M43,0) -> 0 | AT43: =IF(OR(W43="",AS43=""),"",AS43-W43) | AU43: =IF(M43=0,"",RANK(M43,$M$8:$M$474)) -> 167 | AV43: =IF(AB43=0,"",RANK(AB43,$AB$8:$AB$474)) | AW43: =IF(OR(AU43="",AV43=""),"",AU43-AV43)
A44: HOMBRE | B44: TRICOT HOMBRE | C44: JERSEY HIGH NECK | D44: 2621TR17 | E44: =COUNTIF('Detalle por artículo'!$K$8:$K$592,D44) -> 1 | F44: =IFERROR(L44/G44,0) -> 150.84635 | G44: =SUMIF('Detalle por artículo'!$K$8:$K$592,$D44,'Detalle por artículo'!$E$8:$E$592) -> 13.824 | H44: =ROUNDUP(G44/1.54,0) -> 9 | I44: =ROUNDUP(G44/0.77,0) -> 18 | J44: =ROUNDUP(G44/0.385,0) -> 36 | K44: =G44/28 -> 0.49371429 | L44: =SUMIF('Detalle por artículo'!$K$8:$K$592,$D44,'Detalle por artículo'!$O$8:$O$592) -> 2085.3 | M44: =SUMIF('Detalle por artículo'!$K$8:$K$592,$D44,'Detalle por artículo'!$I$8:$I$592) -> 3146 | N44: =SUMIF('Detalle por artículo'!$K$8:$K$592,$D44,'Detalle por artículo'!$M$8:$M$592) -> 144 | O44: =IFERROR(G44/M44*1000,0) -> 4.3941513 | P44: =IFERROR(L44/M44*1000,0) -> 662.8417 | Q44: =IF(F44=0,0,IF(F44<120,0.2,IF(F44>200,0.1,0.15))) -> 0.15 | R44: =G44*(1+Q44) -> 15.8976 | S44: =IFERROR(SUM($G$8:G44)/$G$6,0) -> 0.4628967 | T44: =IF(S44<=0.5,"A",IF(S44<=0.84,"B","C")) -> A | U44: 3160 | V44: =U44-M44 -> 14 | W44: 46275 | X44: 46289 | Y44: 48 | Z44: =Y44*O44/1000 -> 0.21091926 | AA44: =Z44/28 -> 0.0075328308 | AB44: 555 | AC44: =IFERROR(INDEX(IMP_TOT,MATCH(D44,IMP_MOD,0)),0) -> 511 | AD44: =IFERROR(INDEX(REP_TOT,MATCH(D44,REP_MOD,0)),0) -> 20 | AE44: =IFERROR(INDEX(IMP_NT,MATCH(D44,IMP_MOD,0)),0) -> 41 | AF44: =IFERROR(AE44/TIENDAS,0) -> 0.82 | AG44: 3 | AH44: 21 | AI44: =IFERROR(AC44/M44,0) -> 0.16242848 | AJ44: =IFERROR(AD44/M44,0) -> 0.0063572791 | AK44: =AC44*O44/1000 -> 2.2454113 | AL44: 2604 | AM44: =AL44*O44/1000 -> 11.44237 | AN44: =IFERROR(AL44/U44,0) -> 0.82405063 | AO44: =M44-AB44 -> 2591 | AP44: =AO44*O44/1000 -> 11.385246 | AQ44: =IFERROR((AC44+AD44)/M44,0) -> 0.16878576 | AR44: 46281 | AS44: 46283 | AT44: =IF(OR(W44="",AS44=""),"",AS44-W44) -> 8 | AU44: =IF(M44=0,"",RANK(M44,$M$8:$M$474)) -> 22 | AV44: =IF(AB44=0,"",RANK(AB44,$AB$8:$AB$474)) -> 234 | AW44: =IF(OR(AU44="",AV44=""),"",AU44-AV44) -> -212
A45: HOMBRE | B45: TRICOT HOMBRE | C45: JERSEY | D45: 2621TR24 | E45: =COUNTIF('Detalle por artículo'!$K$8:$K$592,D45) -> 1 | F45: =IFERROR(L45/G45,0) -> 171.23843 | G45: =SUMIF('Detalle por artículo'!$K$8:$K$592,$D45,'Detalle por artículo'!$E$8:$E$592) -> 13.824 | H45: =ROUNDUP(G45/1.54,0) -> 9 | I45: =ROUNDUP(G45/0.77,0) -> 18 | J45: =ROUNDUP(G45/0.385,0) -> 36 | K45: =G45/28 -> 0.49371429 | L45: =SUMIF('Detalle por artículo'!$K$8:$K$592,$D45,'Detalle por artículo'!$O$8:$O$592) -> 2367.2 | M45: =SUMIF('Detalle por artículo'!$K$8:$K$592,$D45,'Detalle por artículo'!$I$8:$I$592) -> 4573 | N45: =SUMIF('Detalle por artículo'!$K$8:$K$592,$D45,'Detalle por artículo'!$M$8:$M$592) -> 144 | O45: =IFERROR(G45/M45*1000,0) -> 3.0229609 | P45: =IFERROR(L45/M45*1000,0) -> 517.64706 | Q45: =IF(F45=0,0,IF(F45<120,0.2,IF(F45>200,0.1,0.15))) -> 0.15 | R45: =G45*(1+Q45) -> 15.8976 | S45: =IFERROR(SUM($G$8:G45)/$G$6,0) -> 0.46797652 | T45: =IF(S45<=0.5,"A",IF(S45<=0.84,"B","C")) -> A | U45: 4596 | V45: =U45-M45 -> 23 | W45: 46275 | X45: 46289 | Y45: 13 | Z45: =Y45*O45/1000 -> 0.039298491 | AA45: =Z45/28 -> 0.0014035175 | AB45: 2157 | AC45: =IFERROR(INDEX(IMP_TOT,MATCH(D45,IMP_MOD,0)),0) -> 1420 | AD45: =IFERROR(INDEX(REP_TOT,MATCH(D45,REP_MOD,0)),0) -> 709 | AE45: =IFERROR(INDEX(IMP_NT,MATCH(D45,IMP_MOD,0)),0) -> 47 | AF45: =IFERROR(AE45/TIENDAS,0) -> 0.94 | AG45: 11 | AH45: 28 | AI45: =IFERROR(AC45/M45,0) -> 0.31051826 | AJ45: =IFERROR(AD45/M45,0) -> 0.15504045 | AK45: =AC45*O45/1000 -> 4.2926044 | AL45: 2460 | AM45: =AL45*O45/1000 -> 7.4364837 | AN45: =IFERROR(AL45/U45,0) -> 0.53524804 | AO45: =M45-AB45 -> 2416 | AP45: =AO45*O45/1000 -> 7.3034734 | AQ45: =IFERROR((AC45+AD45)/M45,0) -> 0.46555871 | AR45: 46281 | AS45: 46282 | AT45: =IF(OR(W45="",AS45=""),"",AS45-W45) -> 7 | AU45: =IF(M45=0,"",RANK(M45,$M$8:$M$474)) -> 12 | AV45: =IF(AB45=0,"",RANK(AB45,$AB$8:$AB$474)) -> 7 | AW45: =IF(OR(AU45="",AV45=""),"",AU45-AV45) -> 5
A46: HOMBRE | B46: CHAQUETA HOMBRE | C46: PLUMIFERO | D46: 2621JA67 | E46: =COUNTIF('Detalle por artículo'!$K$8:$K$592,D46) -> 3 | F46: =IFERROR(L46/G46,0) -> 106.42361 | G46: =SUMIF('Detalle por artículo'!$K$8:$K$592,$D46,'Detalle por artículo'!$E$8:$E$592) -> 13.824 | H46: =ROUNDUP(G46/1.54,0) -> 9 | I46: =ROUNDUP(G46/0.77,0) -> 18 | J46: =ROUNDUP(G46/0.385,0) -> 36 | K46: =G46/28 -> 0.49371429 | L46: =SUMIF('Detalle por artículo'!$K$8:$K$592,$D46,'Detalle por artículo'!$O$8:$O$592) -> 1471.2 | M46: =SUMIF('Detalle por artículo'!$K$8:$K$592,$D46,'Detalle por artículo'!$I$8:$I$592) -> 1425 | N46: =SUMIF('Detalle por artículo'!$K$8:$K$592,$D46,'Detalle por artículo'!$M$8:$M$592) -> 144 | O46: =IFERROR(G46/M46*1000,0) -> 9.7010526 | P46: =IFERROR(L46/M46*1000,0) -> 1032.4211 | Q46: =IF(F46=0,0,IF(F46<120,0.2,IF(F46>200,0.1,0.15))) -> 0.2 | R46: =G46*(1+Q46) -> 16.5888 | S46: =IFERROR(SUM($G$8:G46)/$G$6,0) -> 0.47305634 | T46: =IF(S46<=0.5,"A",IF(S46<=0.84,"B","C")) -> A | U46: 1425 | V46: =U46-M46 -> 0 | W46: 46310 | X46: 46316 | Y46: 1 | Z46: =Y46*O46/1000 -> 0.0097010526 | AA46: =Z46/28 -> 0.00034646617 | AB46: 14 | AC46: =IFERROR(INDEX(IMP_TOT,MATCH(D46,IMP_MOD,0)),0) -> 62 | AD46: =IFERROR(INDEX(REP_TOT,MATCH(D46,REP_MOD,0)),0) -> 0 | AE46: =IFERROR(INDEX(IMP_NT,MATCH(D46,IMP_MOD,0)),0) -> 5 | AF46: =IFERROR(AE46/TIENDAS,0) -> 0.1 | AG46: 0 | AH46: 0 | AI46: =IFERROR(AC46/M46,0) -> 0.043508772 | AJ46: =IFERROR(AD46/M46,0) -> 0 | AK46: =AC46*O46/1000 -> 0.60146526 | AL46: 1411 | AM46: =AL46*O46/1000 -> 13.688185 | AN46: =IFERROR(AL46/U46,0) -> 0.99017544 | AO46: =M46-AB46 -> 1411 | AP46: =AO46*O46/1000 -> 13.688185 | AQ46: =IFERROR((AC46+AD46)/M46,0) -> 0.043508772 | AR46: 46316 | AS46: 46317 | AT46: =IF(OR(W46="",AS46=""),"",AS46-W46) -> 7 | AU46: =IF(M46=0,"",RANK(M46,$M$8:$M$474)) -> 115 | AV46: =IF(AB46=0,"",RANK(AB46,$AB$8:$AB$474)) -> 418 | AW46: =IF(OR(AU46="",AV46=""),"",AU46-AV46) -> -303
A47: HOMBRE | B47: CALZADO HOMBRE | C47: BOTA | D47: 2621XC05 | E47: =COUNTIF('Detalle por artículo'!$K$8:$K$592,D47) -> 2 | F47: =IFERROR(L47/G47,0) -> 93.197279 | G47: =SUMIF('Detalle por artículo'!$K$8:$K$592,$D47,'Detalle por artículo'!$E$8:$E$592) -> 13.524 | H47: =ROUNDUP(G47/1.54,0) -> 9 | I47: =ROUNDUP(G47/0.77,0) -> 18 | J47: =ROUNDUP(G47/0.385,0) -> 36 | K47: =G47/28 -> 0.483 | L47: =SUMIF('Detalle por artículo'!$K$8:$K$592,$D47,'Detalle por artículo'!$O$8:$O$592) -> 1260.4 | M47: =SUMIF('Detalle por artículo'!$K$8:$K$592,$D47,'Detalle por artículo'!$I$8:$I$592) -> 1114 | N47: =SUMIF('Detalle por artículo'!$K$8:$K$592,$D47,'Detalle por artículo'!$M$8:$M$592) -> 112 | O47: =IFERROR(G47/M47*1000,0) -> 12.140036 | P47: =IFERROR(L47/M47*1000,0) -> 1131.4183 | Q47: =IF(F47=0,0,IF(F47<120,0.2,IF(F47>200,0.1,0.15))) -> 0.2 | R47: =G47*(1+Q47) -> 16.2288 | S47: =IFERROR(SUM($G$8:G47)/$G$6,0) -> 0.47802592 | T47: =IF(S47<=0.5,"A",IF(S47<=0.84,"B","C")) -> A | U47: 1110 | V47: =U47-M47 -> -4 | W47: 46234 | X47: 46262 | Y47: 14 | Z47: =Y47*O47/1000 -> 0.1699605 | AA47: =Z47/28 -> 0.006070018 | AB47: 335 | AC47: =IFERROR(INDEX(IMP_TOT,MATCH(D47,IMP_MOD,0)),0) -> 296 | AD47: =IFERROR(INDEX(REP_TOT,MATCH(D47,REP_MOD,0)),0) -> 69 | AE47: =IFERROR(INDEX(IMP_NT,MATCH(D47,IMP_MOD,0)),0) -> 22 | AF47: =IFERROR(AE47/TIENDAS,0) -> 0.44 | AG47: 1 | AH47: 16 | AI47: =IFERROR(AC47/M47,0) -> 0.26570916 | AJ47: =IFERROR(AD47/M47,0) -> 0.061938959 | AK47: =AC47*O47/1000 -> 3.5934506 | AL47: 772 | AM47: =AL47*O47/1000 -> 9.3721077 | AN47: =IFERROR(AL47/U47,0) -> 0.6954955 | AO47: =M47-AB47 -> 779 | AP47: =AO47*O47/1000 -> 9.457088 | AQ47: =IFERROR((AC47+AD47)/M47,0) -> 0.32764811 | AR47: 46268 | AS47: 46269 | AT47: =IF(OR(W47="",AS47=""),"",AS47-W47) -> 35 | AU47: =IF(M47=0,"",RANK(M47,$M$8:$M$474)) -> 147 | AV47: =IF(AB47=0,"",RANK(AB47,$AB$8:$AB$474)) -> 336 | AW47: =IF(OR(AU47="",AV47=""),"",AU47-AV47) -> -189
A48: HOMBRE | B48: CHAQUETA HOMBRE | C48: CAZADORA | D48: 2621JA40 | E48: =COUNTIF('Detalle por artículo'!$K$8:$K$592,D48) -> 1 | F48: =IFERROR(L48/G48,0) -> 145.64665 | G48: =SUMIF('Detalle por artículo'!$K$8:$K$592,$D48,'Detalle por artículo'!$E$8:$E$592) -> 13.392 | H48: =ROUNDUP(G48/1.54,0) -> 9 | I48: =ROUNDUP(G48/0.77,0) -> 18 | J48: =ROUNDUP(G48/0.385,0) -> 35 | K48: =G48/28 -> 0.47828571 | L48: =SUMIF('Detalle por artículo'!$K$8:$K$592,$D48,'Detalle por artículo'!$O$8:$O$592) -> 1950.5 | M48: =SUMIF('Detalle por artículo'!$K$8:$K$592,$D48,'Detalle por artículo'!$I$8:$I$592) -> 1873 | N48: =SUMIF('Detalle por artículo'!$K$8:$K$592,$D48,'Detalle por artículo'!$M$8:$M$592) -> 124 | O48: =IFERROR(G48/M48*1000,0) -> 7.1500267 | P48: =IFERROR(L48/M48*1000,0) -> 1041.3775 | Q48: =IF(F48=0,0,IF(F48<120,0.2,IF(F48>200,0.1,0.15))) -> 0.15 | R48: =G48*(1+Q48) -> 15.4008 | S48: =IFERROR(SUM($G$8:G48)/$G$6,0) -> 0.482947 | T48: =IF(S48<=0.5,"A",IF(S48<=0.84,"B","C")) -> A | U48: 1873 | V48: =U48-M48 -> 0 | W48: 46272 | X48: 46272 | Y48: 1873 | Z48: =Y48*O48/1000 -> 13.392 | AA48: =Z48/28 -> 0.47828571 | AB48: 1450 | AC48: =IFERROR(INDEX(IMP_TOT,MATCH(D48,IMP_MOD,0)),0) -> 948 | AD48: =IFERROR(INDEX(REP_TOT,MATCH(D48,REP_MOD,0)),0) -> 481 | AE48: =IFERROR(INDEX(IMP_NT,MATCH(D48,IMP_MOD,0)),0) -> 49 | AF48: =IFERROR(AE48/TIENDAS,0) -> 0.98 | AG48: 4 | AH48: 18 | AI48: =IFERROR(AC48/M48,0) -> 0.50613988 | AJ48: =IFERROR(AD48/M48,0) -> 0.25680726 | AK48: =AC48*O48/1000 -> 6.7782253 | AL48: 434 | AM48: =AL48*O48/1000 -> 3.1031116 | AN48: =IFERROR(AL48/U48,0) -> 0.23171383 | AO48: =M48-AB48 -> 423 | AP48: =AO48*O48/1000 -> 3.0244613 | AQ48: =IFERROR((AC48+AD48)/M48,0) -> 0.76294714 | AR48: 46274 | AS48: 46275 | AT48: =IF(OR(W48="",AS48=""),"",AS48-W48) -> 3 | AU48: =IF(M48=0,"",RANK(M48,$M$8:$M$474)) -> 49 | AV48: =IF(AB48=0,"",RANK(AB48,$AB$8:$AB$474)) -> 25 | AW48: =IF(OR(AU48="",AV48=""),"",AU48-AV48) -> 24
A49: HOMBRE | B49: CHAQUETA HOMBRE | C49: CAZADORA | D49: 2711JA06 | E49: =COUNTIF('Detalle por artículo'!$K$8:$K$592,D49) -> 1 | F49: =IFERROR(L49/G49,0) -> 151.06415 | G49: =SUMIF('Detalle por artículo'!$K$8:$K$592,$D49,'Detalle por artículo'!$E$8:$E$592) -> 13.344 | H49: =ROUNDUP(G49/1.54,0) -> 9 | I49: =ROUNDUP(G49/0.77,0) -> 18 | J49: =ROUNDUP(G49/0.385,0) -> 35 | K49: =G49/28 -> 0.47657143 | L49: =SUMIF('Detalle por artículo'!$K$8:$K$592,$D49,'Detalle por artículo'!$O$8:$O$592) -> 2015.8 | M49: =SUMIF('Detalle por artículo'!$K$8:$K$592,$D49,'Detalle por artículo'!$I$8:$I$592) -> 1810 | N49: =SUMIF('Detalle por artículo'!$K$8:$K$592,$D49,'Detalle por artículo'!$M$8:$M$592) -> 139 | O49: =IFERROR(G49/M49*1000,0) -> 7.3723757 | P49: =IFERROR(L49/M49*1000,0) -> 1113.7017 | Q49: =IF(F49=0,0,IF(F49<120,0.2,IF(F49>200,0.1,0.15))) -> 0.15 | R49: =G49*(1+Q49) -> 15.3456 | S49: =IFERROR(SUM($G$8:G49)/$G$6,0) -> 0.48785043 | T49: =IF(S49<=0.5,"A",IF(S49<=0.84,"B","C")) -> A | U49: 0 | V49: =U49-M49 -> -1810 | Y49: 1810 | Z49: =Y49*O49/1000 -> 13.344 | AA49: =Z49/28 -> 0.47657143 | AB49: 0 | AC49: =IFERROR(INDEX(IMP_TOT,MATCH(D49,IMP_MOD,0)),0) -> 0 | AD49: =IFERROR(INDEX(REP_TOT,MATCH(D49,REP_MOD,0)),0) -> 0 | AE49: =IFERROR(INDEX(IMP_NT,MATCH(D49,IMP_MOD,0)),0) -> 0 | AF49: =IFERROR(AE49/TIENDAS,0) -> 0 | AG49: 0 | AH49: 0 | AI49: =IFERROR(AC49/M49,0) -> 0 | AJ49: =IFERROR(AD49/M49,0) -> 0 | AK49: =AC49*O49/1000 -> 0 | AL49: 0 | AM49: =AL49*O49/1000 -> 0 | AN49: =IFERROR(AL49/U49,0) -> 0 | AO49: =M49-AB49 -> 1810 | AP49: =AO49*O49/1000 -> 13.344 | AQ49: =IFERROR((AC49+AD49)/M49,0) -> 0 | AT49: =IF(OR(W49="",AS49=""),"",AS49-W49) | AU49: =IF(M49=0,"",RANK(M49,$M$8:$M$474)) -> 54 | AV49: =IF(AB49=0,"",RANK(AB49,$AB$8:$AB$474)) | AW49: =IF(OR(AU49="",AV49=""),"",AU49-AV49)
A50: HOMBRE | B50: CHAQUETA HOMBRE | C50: CAZADORA | D50: 2711JA09 | E50: =COUNTIF('Detalle por artículo'!$K$8:$K$592,D50) -> 1 | F50: =IFERROR(L50/G50,0) -> 174.54287 | G50: =SUMIF('Detalle por artículo'!$K$8:$K$592,$D50,'Detalle por artículo'!$E$8:$E$592) -> 13.344 | H50: =ROUNDUP(G50/1.54,0) -> 9 | I50: =ROUNDUP(G50/0.77,0) -> 18 | J50: =ROUNDUP(G50/0.385,0) -> 35 | K50: =G50/28 -> 0.47657143 | L50: =SUMIF('Detalle por artículo'!$K$8:$K$592,$D50,'Detalle por artículo'!$O$8:$O$592) -> 2329.1 | M50: =SUMIF('Detalle por artículo'!$K$8:$K$592,$D50,'Detalle por artículo'!$I$8:$I$592) -> 1800 | N50: =SUMIF('Detalle por artículo'!$K$8:$K$592,$D50,'Detalle por artículo'!$M$8:$M$592) -> 139 | O50: =IFERROR(G50/M50*1000,0) -> 7.4133333 | P50: =IFERROR(L50/M50*1000,0) -> 1293.9444 | Q50: =IF(F50=0,0,IF(F50<120,0.2,IF(F50>200,0.1,0.15))) -> 0.15 | R50: =G50*(1+Q50) -> 15.3456 | S50: =IFERROR(SUM($G$8:G50)/$G$6,0) -> 0.49275387 | T50: =IF(S50<=0.5,"A",IF(S50<=0.84,"B","C")) -> A | U50: 0 | V50: =U50-M50 -> -1800 | Y50: 2576 | Z50: =Y50*O50/1000 -> 19.096747 | AA50: =Z50/28 -> 0.68202667 | AB50: 0 | AC50: =IFERROR(INDEX(IMP_TOT,MATCH(D50,IMP_MOD,0)),0) -> 0 | AD50: =IFERROR(INDEX(REP_TOT,MATCH(D50,REP_MOD,0)),0) -> 0 | AE50: =IFERROR(INDEX(IMP_NT,MATCH(D50,IMP_MOD,0)),0) -> 0 | AF50: =IFERROR(AE50/TIENDAS,0) -> 0 | AG50: 0 | AH50: 0 | AI50: =IFERROR(AC50/M50,0) -> 0 | AJ50: =IFERROR(AD50/M50,0) -> 0 | AK50: =AC50*O50/1000 -> 0 | AL50: 0 | AM50: =AL50*O50/1000 -> 0 | AN50: =IFERROR(AL50/U50,0) -> 0 | AO50: =M50-AB50 -> 1800 | AP50: =AO50*O50/1000 -> 13.344 | AQ50: =IFERROR((AC50+AD50)/M50,0) -> 0 | AT50: =IF(OR(W50="",AS50=""),"",AS50-W50) | AU50: =IF(M50=0,"",RANK(M50,$M$8:$M$474)) -> 58 | AV50: =IF(AB50=0,"",RANK(AB50,$AB$8:$AB$474)) | AW50: =IF(OR(AU50="",AV50=""),"",AU50-AV50)
A51: GIRL | B51: CHAQUETA GIRL | C51: PLANA | D51: 2625JA03 | E51: =COUNTIF('Detalle por artículo'!$K$8:$K$592,D51) -> 1 | F51: =IFERROR(L51/G51,0) -> 104.77511 | G51: =SUMIF('Detalle por artículo'!$K$8:$K$592,$D51,'Detalle por artículo'!$E$8:$E$592) -> 13.34 | H51: =ROUNDUP(G51/1.54,0) -> 9 | I51: =ROUNDUP(G51/0.77,0) -> 18 | J51: =ROUNDUP(G51/0.385,0) -> 35 | K51: =G51/28 -> 0.47642857 | L51: =SUMIF('Detalle por artículo'!$K$8:$K$592,$D51,'Detalle por artículo'!$O$8:$O$592) -> 1397.7 | M51: =SUMIF('Detalle por artículo'!$K$8:$K$592,$D51,'Detalle por artículo'!$I$8:$I$592) -> 1869 | N51: =SUMIF('Detalle por artículo'!$K$8:$K$592,$D51,'Detalle por artículo'!$M$8:$M$592) -> 125 | O51: =IFERROR(G51/M51*1000,0) -> 7.1375067 | P51: =IFERROR(L51/M51*1000,0) -> 747.83307 | Q51: =IF(F51=0,0,IF(F51<120,0.2,IF(F51>200,0.1,0.15))) -> 0.2 | R51: =G51*(1+Q51) -> 16.008 | S51: =IFERROR(SUM($G$8:G51)/$G$6,0) -> 0.49765584 | T51: =IF(S51<=0.5,"A",IF(S51<=0.84,"B","C")) -> A | U51: 1869 | V51: =U51-M51 -> 0 | W51: 46272 | X51: 46272 | Y51: 1876 | Z51: =Y51*O51/1000 -> 13.389963 | AA51: =Z51/28 -> 0.47821295 | AB51: 537 | AC51: =IFERROR(INDEX(IMP_TOT,MATCH(D51,IMP_MOD,0)),0) -> 416 | AD51: =IFERROR(INDEX(REP_TOT,MATCH(D51,REP_MOD,0)),0) -> 106 | AE51: =IFERROR(INDEX(IMP_NT,MATCH(D51,IMP_MOD,0)),0) -> 33 | AF51: =IFERROR(AE51/TIENDAS,0) -> 0.66 | AG51: 3 | AH51: 12 | AI51: =IFERROR(AC51/M51,0) -> 0.22257892 | AJ51: =IFERROR(AD51/M51,0) -> 0.056714821 | AK51: =AC51*O51/1000 -> 2.9692028 | AL51: 1336 | AM51: =AL51*O51/1000 -> 9.5357089 | AN51: =IFERROR(AL51/U51,0) -> 0.71482076 | AO51: =M51-AB51 -> 1332 | AP51: =AO51*O51/1000 -> 9.5071589 | AQ51: =IFERROR((AC51+AD51)/M51,0) -> 0.27929374 | AR51: 46274 | AS51: 46279 | AT51: =IF(OR(W51="",AS51=""),"",AS51-W51) -> 7 | AU51: =IF(M51=0,"",RANK(M51,$M$8:$M$474)) -> 50 | AV51: =IF(AB51=0,"",RANK(AB51,$AB$8:$AB$474)) -> 245 | AW51: =IF(OR(AU51="",AV51=""),"",AU51-AV51) -> -195
A52: HOMBRE | B52: CHAQUETA HOMBRE | C52: PLUMIFERO | D52: 2621JA51 | E52: =COUNTIF('Detalle por artículo'!$K$8:$K$592,D52) -> 1 | F52: =IFERROR(L52/G52,0) -> 134.52471 | G52: =SUMIF('Detalle por artículo'!$K$8:$K$592,$D52,'Detalle por artículo'!$E$8:$E$592) -> 13.15 | H52: =ROUNDUP(G52/1.54,0) -> 9 | I52: =ROUNDUP(G52/0.77,0) -> 18 | J52: =ROUNDUP(G52/0.385,0) -> 35 | K52: =G52/28 -> 0.46964286 | L52: =SUMIF('Detalle por artículo'!$K$8:$K$592,$D52,'Detalle por artículo'!$O$8:$O$592) -> 1769 | M52: =SUMIF('Detalle por artículo'!$K$8:$K$592,$D52,'Detalle por artículo'!$I$8:$I$592) -> 1868 | N52: =SUMIF('Detalle por artículo'!$K$8:$K$592,$D52,'Detalle por artículo'!$M$8:$M$592) -> 126 | O52: =IFERROR(G52/M52*1000,0) -> 7.0396146 | P52: =IFERROR(L52/M52*1000,0) -> 947.00214 | Q52: =IF(F52=0,0,IF(F52<120,0.2,IF(F52>200,0.1,0.15))) -> 0.15 | R52: =G52*(1+Q52) -> 15.1225 | S52: =IFERROR(SUM($G$8:G52)/$G$6,0) -> 0.50248799 | T52: =IF(S52<=0.5,"A",IF(S52<=0.84,"B","C")) -> B | U52: 1875 | V52: =U52-M52 -> 7 | W52: 46308 | X52: 46309 | Y52: 15 | Z52: =Y52*O52/1000 -> 0.10559422 | AA52: =Z52/28 -> 0.0037712221 | AB52: 0 | AC52: =IFERROR(INDEX(IMP_TOT,MATCH(D52,IMP_MOD,0)),0) -> 0 | AD52: =IFERROR(INDEX(REP_TOT,MATCH(D52,REP_MOD,0)),0) -> 0 | AE52: =IFERROR(INDEX(IMP_NT,MATCH(D52,IMP_MOD,0)),0) -> 0 | AF52: =IFERROR(AE52/TIENDAS,0) -> 0 | AG52: 0 | AH52: 0 | AI52: =IFERROR(AC52/M52,0) -> 0 | AJ52: =IFERROR(AD52/M52,0) -> 0 | AK52: =AC52*O52/1000 -> 0 | AL52: 1862 | AM52: =AL52*O52/1000 -> 13.107762 | AN52: =IFERROR(AL52/U52,0) -> 0.99306667 | AO52: =M52-AB52 -> 1868 | AP52: =AO52*O52/1000 -> 13.15 | AQ52: =IFERROR((AC52+AD52)/M52,0) -> 0 | AT52: =IF(OR(W52="",AS52=""),"",AS52-W52) | AU52: =IF(M52=0,"",RANK(M52,$M$8:$M$474)) -> 51 | AV52: =IF(AB52=0,"",RANK(AB52,$AB$8:$AB$474)) | AW52: =IF(OR(AU52="",AV52=""),"",AU52-AV52)
A53: HOMBRE | B53: CHAQUETA HOMBRE | C53: PLUMIFERO | D53: 2621JA64 | E53: =COUNTIF('Detalle por artículo'!$K$8:$K$592,D53) -> 1 | F53: =IFERROR(L53/G53,0) -> 110.85259 | G53: =SUMIF('Detalle por artículo'!$K$8:$K$592,$D53,'Detalle por artículo'!$E$8:$E$592) -> 12.55 | H53: =ROUNDUP(G53/1.54,0) -> 9 | I53: =ROUNDUP(G53/0.77,0) -> 17 | J53: =ROUNDUP(G53/0.385,0) -> 33 | K53: =G53/28 -> 0.44821429 | L53: =SUMIF('Detalle por artículo'!$K$8:$K$592,$D53,'Detalle por artículo'!$O$8:$O$592) -> 1391.2 | M53: =SUMIF('Detalle por artículo'!$K$8:$K$592,$D53,'Detalle por artículo'!$I$8:$I$592) -> 1545 | N53: =SUMIF('Detalle por artículo'!$K$8:$K$592,$D53,'Detalle por artículo'!$M$8:$M$592) -> 104 | O53: =IFERROR(G53/M53*1000,0) -> 8.1229773 | P53: =IFERROR(L53/M53*1000,0) -> 900.45307 | Q53: =IF(F53=0,0,IF(F53<120,0.2,IF(F53>200,0.1,0.15))) -> 0.2 | R53: =G53*(1+Q53) -> 15.06 | S53: =IFERROR(SUM($G$8:G53)/$G$6,0) -> 0.50709966 | T53: =IF(S53<=0.5,"A",IF(S53<=0.84,"B","C")) -> B | U53: 1545 | V53: =U53-M53 -> 0 | W53: 46308 | X53: 46308 | Y53: 0 | Z53: =Y53*O53/1000 -> 0 | AA53: =Z53/28 -> 0 | AB53: 0 | AC53: =IFERROR(INDEX(IMP_TOT,MATCH(D53,IMP_MOD,0)),0) -> 0 | AD53: =IFERROR(INDEX(REP_TOT,MATCH(D53,REP_MOD,0)),0) -> 0 | AE53: =IFERROR(INDEX(IMP_NT,MATCH(D53,IMP_MOD,0)),0) -> 0 | AF53: =IFERROR(AE53/TIENDAS,0) -> 0 | AG53: 0 | AH53: 0 | AI53: =IFERROR(AC53/M53,0) -> 0 | AJ53: =IFERROR(AD53/M53,0) -> 0 | AK53: =AC53*O53/1000 -> 0 | AL53: 1545 | AM53: =AL53*O53/1000 -> 12.55 | AN53: =IFERROR(AL53/U53,0) -> 1 | AO53: =M53-AB53 -> 1545 | AP53: =AO53*O53/1000 -> 12.55 | AQ53: =IFERROR((AC53+AD53)/M53,0) -> 0 | AT53: =IF(OR(W53="",AS53=""),"",AS53-W53) | AU53: =IF(M53=0,"",RANK(M53,$M$8:$M$474)) -> 88 | AV53: =IF(AB53=0,"",RANK(AB53,$AB$8:$AB$474)) | AW53: =IF(OR(AU53="",AV53=""),"",AU53-AV53)
A54: HOMBRE | B54: SUDADERA HOMBRE | C54: HOODIE | D54: 2621SU18 | E54: =COUNTIF('Detalle por artículo'!$K$8:$K$592,D54) -> 3 | F54: =IFERROR(L54/G54,0) -> 119.39904 | G54: =SUMIF('Detalle por artículo'!$K$8:$K$592,$D54,'Detalle por artículo'!$E$8:$E$592) -> 12.48 | H54: =ROUNDUP(G54/1.54,0) -> 9 | I54: =ROUNDUP(G54/0.77,0) -> 17 | J54: =ROUNDUP(G54/0.385,0) -> 33 | K54: =G54/28 -> 0.44571429 | L54: =SUMIF('Detalle por artículo'!$K$8:$K$592,$D54,'Detalle por artículo'!$O$8:$O$592) -> 1490.1 | M54: =SUMIF('Detalle por artículo'!$K$8:$K$592,$D54,'Detalle por artículo'!$I$8:$I$592) -> 2476 | N54: =SUMIF('Detalle por artículo'!$K$8:$K$592,$D54,'Detalle por artículo'!$M$8:$M$592) -> 130 | O54: =IFERROR(G54/M54*1000,0) -> 5.0403877 | P54: =IFERROR(L54/M54*1000,0) -> 601.81745 | Q54: =IF(F54=0,0,IF(F54<120,0.2,IF(F54>200,0.1,0.15))) -> 0.2 | R54: =G54*(1+Q54) -> 14.976 | S54: =IFERROR(SUM($G$8:G54)/$G$6,0) -> 0.51168561 | T54: =IF(S54<=0.5,"A",IF(S54<=0.84,"B","C")) -> B | U54: 2483 | V54: =U54-M54 -> 7 | W54: 46234 | X54: 46234 | Y54: 6 | Z54: =Y54*O54/1000 -> 0.030242326 | AA54: =Z54/28 -> 0.0010800831 | AB54: 1765 | AC54: =IFERROR(INDEX(IMP_TOT,MATCH(D54,IMP_MOD,0)),0) -> 573 | AD54: =IFERROR(INDEX(REP_TOT,MATCH(D54,REP_MOD,0)),0) -> 1171 | AE54: =IFERROR(INDEX(IMP_NT,MATCH(D54,IMP_MOD,0)),0) -> 49 | AF54: =IFERROR(AE54/TIENDAS,0) -> 0.98 | AG54: 3 | AH54: 21 | AI54: =IFERROR(AC54/M54,0) -> 0.23142165 | AJ54: =IFERROR(AD54/M54,0) -> 0.47294023 | AK54: =AC54*O54/1000 -> 2.8881422 | AL54: 718 | AM54: =AL54*O54/1000 -> 3.6189984 | AN54: =IFERROR(AL54/U54,0) -> 0.28916633 | AO54: =M54-AB54 -> 711 | AP54: =AO54*O54/1000 -> 3.5837157 | AQ54: =IFERROR((AC54+AD54)/M54,0) -> 0.70436187 | AR54: 46254 | AS54: 46255 | AT54: =IF(OR(W54="",AS54=""),"",AS54-W54) -> 21 | AU54: =IF(M54=0,"",RANK(M54,$M$8:$M$474)) -> 31 | AV54: =IF(AB54=0,"",RANK(AB54,$AB$8:$AB$474)) -> 15 | AW54: =IF(OR(AU54="",AV54=""),"",AU54-AV54) -> 16
A55: HOMBRE | B55: CHAQUETA HOMBRE | C55: CAZADORA | D55: 2621JA41 | E55: =COUNTIF('Detalle por artículo'!$K$8:$K$592,D55) -> 3 | F55: =IFERROR(L55/G55,0) -> 147.111 | G55: =SUMIF('Detalle por artículo'!$K$8:$K$592,$D55,'Detalle por artículo'!$E$8:$E$592) -> 12.288 | H55: =ROUNDUP(G55/1.54,0) -> 8 | I55: =ROUNDUP(G55/0.77,0) -> 16 | J55: =ROUNDUP(G55/0.385,0) -> 32 | K55: =G55/28 -> 0.43885714 | L55: =SUMIF('Detalle por artículo'!$K$8:$K$592,$D55,'Detalle por artículo'!$O$8:$O$592) -> 1807.7 | M55: =SUMIF('Detalle por artículo'!$K$8:$K$592,$D55,'Detalle por artículo'!$I$8:$I$592) -> 2447 | N55: =SUMIF('Detalle por artículo'!$K$8:$K$592,$D55,'Detalle por artículo'!$M$8:$M$592) -> 128 | O55: =IFERROR(G55/M55*1000,0) -> 5.0216592 | P55: =IFERROR(L55/M55*1000,0) -> 738.74132 | Q55: =IF(F55=0,0,IF(F55<120,0.2,IF(F55>200,0.1,0.15))) -> 0.15 | R55: =G55*(1+Q55) -> 14.1312 | S55: =IFERROR(SUM($G$8:G55)/$G$6,0) -> 0.516201 | T55: =IF(S55<=0.5,"A",IF(S55<=0.84,"B","C")) -> B | U55: 2439 | V55: =U55-M55 -> -8 | W55: 46281 | X55: 46316 | Y55: 8 | Z55: =Y55*O55/1000 -> 0.040173273 | AA55: =Z55/28 -> 0.0014347598 | AB55: 1109 | AC55: =IFERROR(INDEX(IMP_TOT,MATCH(D55,IMP_MOD,0)),0) -> 1060 | AD55: =IFERROR(INDEX(REP_TOT,MATCH(D55,REP_MOD,0)),0) -> 48 | AE55: =IFERROR(INDEX(IMP_NT,MATCH(D55,IMP_MOD,0)),0) -> 48 | AF55: =IFERROR(AE55/TIENDAS,0) -> 0.96 | AG55: 1 | AH55: 0 | AI55: =IFERROR(AC55/M55,0) -> 0.43318349 | AJ55: =IFERROR(AD55/M55,0) -> 0.019615856 | AK55: =AC55*O55/1000 -> 5.3229587 | AL55: 1330 | AM55: =AL55*O55/1000 -> 6.6788067 | AN55: =IFERROR(AL55/U55,0) -> 0.54530545 | AO55: =M55-AB55 -> 1338 | AP55: =AO55*O55/1000 -> 6.71898 | AQ55: =IFERROR((AC55+AD55)/M55,0) -> 0.45279935 | AR55: 46281 | AS55: 46283 | AT55: =IF(OR(W55="",AS55=""),"",AS55-W55) -> 2 | AU55: =IF(M55=0,"",RANK(M55,$M$8:$M$474)) -> 32 | AV55: =IF(AB55=0,"",RANK(AB55,$AB$8:$AB$474)) -> 56 | AW55: =IF(OR(AU55="",AV55=""),"",AU55-AV55) -> -24
A56: HOMBRE | B56: TRICOT HOMBRE | C56: JERSEY | D56: 2621TR18 | E56: =COUNTIF('Detalle por artículo'!$K$8:$K$592,D56) -> 2 | F56: =IFERROR(L56/G56,0) -> 139.1121 | G56: =SUMIF('Detalle por artículo'!$K$8:$K$592,$D56,'Detalle por artículo'!$E$8:$E$592) -> 12.096 | H56: =ROUNDUP(G56/1.54,0) -> 8 | I56: =ROUNDUP(G56/0.77,0) -> 16 | J56: =ROUNDUP(G56/0.385,0) -> 32 | K56: =G56/28 -> 0.432 | L56: =SUMIF('Detalle por artículo'!$K$8:$K$592,$D56,'Detalle por artículo'!$O$8:$O$592) -> 1682.7 | M56: =SUMIF('Detalle por artículo'!$K$8:$K$592,$D56,'Detalle por artículo'!$I$8:$I$592) -> 2772 | N56: =SUMIF('Detalle por artículo'!$K$8:$K$592,$D56,'Detalle por artículo'!$M$8:$M$592) -> 126 | O56: =IFERROR(G56/M56*1000,0) -> 4.3636364 | P56: =IFERROR(L56/M56*1000,0) -> 607.03463 | Q56: =IF(F56=0,0,IF(F56<120,0.2,IF(F56>200,0.1,0.15))) -> 0.15 | R56: =G56*(1+Q56) -> 13.9104 | S56: =IFERROR(SUM($G$8:G56)/$G$6,0) -> 0.52064584 | T56: =IF(S56<=0.5,"A",IF(S56<=0.84,"B","C")) -> B | U56: 2776 | V56: =U56-M56 -> 4 | W56: 46238 | X56: 46289 | Y56: 0 | Z56: =Y56*O56/1000 -> 0 | AA56: =Z56/28 -> 0 | AB56: 721 | AC56: =IFERROR(INDEX(IMP_TOT,MATCH(D56,IMP_MOD,0)),0) -> 474 | AD56: =IFERROR(INDEX(REP_TOT,MATCH(D56,REP_MOD,0)),0) -> 247 | AE56: =IFERROR(INDEX(IMP_NT,MATCH(D56,IMP_MOD,0)),0) -> 32 | AF56: =IFERROR(AE56/TIENDAS,0) -> 0.64 | AG56: 3 | AH56: 0 | AI56: =IFERROR(AC56/M56,0) -> 0.17099567 | AJ56: =IFERROR(AD56/M56,0) -> 0.089105339 | AK56: =AC56*O56/1000 -> 2.0683636 | AL56: 2055 | AM56: =AL56*O56/1000 -> 8.9672727 | AN56: =IFERROR(AL56/U56,0) -> 0.74027378 | AO56: =M56-AB56 -> 2051 | AP56: =AO56*O56/1000 -> 8.9498182 | AQ56: =IFERROR((AC56+AD56)/M56,0) -> 0.26010101 | AR56: 46285 | AS56: 46286 | AT56: =IF(OR(W56="",AS56=""),"",AS56-W56) -> 48 | AU56: =IF(M56=0,"",RANK(M56,$M$8:$M$474)) -> 26 | AV56: =IF(AB56=0,"",RANK(AB56,$AB$8:$AB$474)) -> 115 | AW56: =IF(OR(AU56="",AV56=""),"",AU56-AV56) -> -89
A57: HOMBRE | B57: CHAQUETA HOMBRE | C57: CAZADORA | D57: 2621JA05 | E57: =COUNTIF('Detalle por artículo'!$K$8:$K$592,D57) -> 1 | F57: =IFERROR(L57/G57,0) -> 152.775 | G57: =SUMIF('Detalle por artículo'!$K$8:$K$592,$D57,'Detalle por artículo'!$E$8:$E$592) -> 12 | H57: =ROUNDUP(G57/1.54,0) -> 8 | I57: =ROUNDUP(G57/0.77,0) -> 16 | J57: =ROUNDUP(G57/0.385,0) -> 32 | K57: =G57/28 -> 0.42857143 | L57: =SUMIF('Detalle por artículo'!$K$8:$K$592,$D57,'Detalle por artículo'!$O$8:$O$592) -> 1833.3 | M57: =SUMIF('Detalle por artículo'!$K$8:$K$592,$D57,'Detalle por artículo'!$I$8:$I$592) -> 1491 | N57: =SUMIF('Detalle por artículo'!$K$8:$K$592,$D57,'Detalle por artículo'!$M$8:$M$592) -> 125 | O57: =IFERROR(G57/M57*1000,0) -> 8.0482897 | P57: =IFERROR(L57/M57*1000,0) -> 1229.5775 | Q57: =IF(F57=0,0,IF(F57<120,0.2,IF(F57>200,0.1,0.15))) -> 0.15 | R57: =G57*(1+Q57) -> 13.8 | S57: =IFERROR(SUM($G$8:G57)/$G$6,0) -> 0.52505541 | T57: =IF(S57<=0.5,"A",IF(S57<=0.84,"B","C")) -> B | U57: 1491 | V57: =U57-M57 -> 0 | W57: 46216 | X57: 46216 | Y57: 0 | Z57: =Y57*O57/1000 -> 0 | AA57: =Z57/28 -> 0 | AB57: 1184 | AC57: =IFERROR(INDEX(IMP_TOT,MATCH(D57,IMP_MOD,0)),0) -> 692 | AD57: =IFERROR(INDEX(REP_TOT,MATCH(D57,REP_MOD,0)),0) -> 451 | AE57: =IFERROR(INDEX(IMP_NT,MATCH(D57,IMP_MOD,0)),0) -> 48 | AF57: =IFERROR(AE57/TIENDAS,0) -> 0.96 | AG57: 18 | AH57: 23 | AI57: =IFERROR(AC57/M57,0) -> 0.46411804 | AJ57: =IFERROR(AD57/M57,0) -> 0.30248156 | AK57: =AC57*O57/1000 -> 5.5694165 | AL57: 310 | AM57: =AL57*O57/1000 -> 2.4949698 | AN57: =IFERROR(AL57/U57,0) -> 0.20791415 | AO57: =M57-AB57 -> 307 | AP57: =AO57*O57/1000 -> 2.4708249 | AQ57: =IFERROR((AC57+AD57)/M57,0) -> 0.7665996 | AR57: 46219 | AS57: 46219 | AT57: =IF(OR(W57="",AS57=""),"",AS57-W57) -> 3 | AU57: =IF(M57=0,"",RANK(M57,$M$8:$M$474)) -> 99 | AV57: =IF(AB57=0,"",RANK(AB57,$AB$8:$AB$474)) -> 49 | AW57: =IF(OR(AU57="",AV57=""),"",AU57-AV57) -> 50
A58: HOMBRE | B58: CHAQUETA HOMBRE | C58: PLUMIFERO | D58: 2621JA55 | E58: =COUNTIF('Detalle por artículo'!$K$8:$K$592,D58) -> 2 | F58: =IFERROR(L58/G58,0) -> 105.23503 | G58: =SUMIF('Detalle por artículo'!$K$8:$K$592,$D58,'Detalle por artículo'!$E$8:$E$592) -> 11.9751 | H58: =ROUNDUP(G58/1.54,0) -> 8 | I58: =ROUNDUP(G58/0.77,0) -> 16 | J58: =ROUNDUP(G58/0.385,0) -> 32 | K58: =G58/28 -> 0.42768214 | L58: =SUMIF('Detalle por artículo'!$K$8:$K$592,$D58,'Detalle por artículo'!$O$8:$O$592) -> 1260.2 | M58: =SUMIF('Detalle por artículo'!$K$8:$K$592,$D58,'Detalle por artículo'!$I$8:$I$592) -> 1045 | N58: =SUMIF('Detalle por artículo'!$K$8:$K$592,$D58,'Detalle por artículo'!$M$8:$M$592) -> 54 | O58: =IFERROR(G58/M58*1000,0) -> 11.459426 | P58: =IFERROR(L58/M58*1000,0) -> 1205.933 | Q58: =IF(F58=0,0,IF(F58<120,0.2,IF(F58>200,0.1,0.15))) -> 0.2 | R58: =G58*(1+Q58) -> 14.37012 | S58: =IFERROR(SUM($G$8:G58)/$G$6,0) -> 0.52945582 | T58: =IF(S58<=0.5,"A",IF(S58<=0.84,"B","C")) -> B | U58: 1055 | V58: =U58-M58 -> 10 | W58: 46237 | X58: 46262 | Y58: 30 | Z58: =Y58*O58/1000 -> 0.34378278 | AA58: =Z58/28 -> 0.012277956 | AB58: 496 | AC58: =IFERROR(INDEX(IMP_TOT,MATCH(D58,IMP_MOD,0)),0) -> 454 | AD58: =IFERROR(INDEX(REP_TOT,MATCH(D58,REP_MOD,0)),0) -> 37 | AE58: =IFERROR(INDEX(IMP_NT,MATCH(D58,IMP_MOD,0)),0) -> 47 | AF58: =IFERROR(AE58/TIENDAS,0) -> 0.94 | AG58: 5 | AH58: 0 | AI58: =IFERROR(AC58/M58,0) -> 0.43444976 | AJ58: =IFERROR(AD58/M58,0) -> 0.035406699 | AK58: =AC58*O58/1000 -> 5.2025793 | AL58: 558 | AM58: =AL58*O58/1000 -> 6.3943596 | AN58: =IFERROR(AL58/U58,0) -> 0.52890995 | AO58: =M58-AB58 -> 549 | AP58: =AO58*O58/1000 -> 6.2912248 | AQ58: =IFERROR((AC58+AD58)/M58,0) -> 0.46985646 | AR58: 46268 | AS58: 46268 | AT58: =IF(OR(W58="",AS58=""),"",AS58-W58) -> 31 | AU58: =IF(M58=0,"",RANK(M58,$M$8:$M$474)) -> 164 | AV58: =IF(AB58=0,"",RANK(AB58,$AB$8:$AB$474)) -> 275 | AW58: =IF(OR(AU58="",AV58=""),"",AU58-AV58) -> -111
A59: MUJER | B59: CHAQUETA MUJER | C59: PLUMIFERO | D59: 2622JA59 | E59: =COUNTIF('Detalle por artículo'!$K$8:$K$592,D59) -> 2 | F59: =IFERROR(L59/G59,0) -> 142.98899 | G59: =SUMIF('Detalle por artículo'!$K$8:$K$592,$D59,'Detalle por artículo'!$E$8:$E$592) -> 11.81 | H59: =ROUNDUP(G59/1.54,0) -> 8 | I59: =ROUNDUP(G59/0.77,0) -> 16 | J59: =ROUNDUP(G59/0.385,0) -> 31 | K59: =G59/28 -> 0.42178571 | L59: =SUMIF('Detalle por artículo'!$K$8:$K$592,$D59,'Detalle por artículo'!$O$8:$O$592) -> 1688.7 | M59: =SUMIF('Detalle por artículo'!$K$8:$K$592,$D59,'Detalle por artículo'!$I$8:$I$592) -> 1474 | N59: =SUMIF('Detalle por artículo'!$K$8:$K$592,$D59,'Detalle por artículo'!$M$8:$M$592) -> 123 | O59: =IFERROR(G59/M59*1000,0) -> 8.0122117 | P59: =IFERROR(L59/M59*1000,0) -> 1145.6581 | Q59: =IF(F59=0,0,IF(F59<120,0.2,IF(F59>200,0.1,0.15))) -> 0.15 | R59: =G59*(1+Q59) -> 13.5815 | S59: =IFERROR(SUM($G$8:G59)/$G$6,0) -> 0.53379557 | T59: =IF(S59<=0.5,"A",IF(S59<=0.84,"B","C")) -> B | U59: 1474 | V59: =U59-M59 -> 0 | W59: 46289 | X59: 46289 | Y59: 17 | Z59: =Y59*O59/1000 -> 0.1362076 | AA59: =Z59/28 -> 0.0048645571 | AB59: 80 | AC59: =IFERROR(INDEX(IMP_TOT,MATCH(D59,IMP_MOD,0)),0) -> 76 | AD59: =IFERROR(INDEX(REP_TOT,MATCH(D59,REP_MOD,0)),0) -> 0 | AE59: =IFERROR(INDEX(IMP_NT,MATCH(D59,IMP_MOD,0)),0) -> 1 | AF59: =IFERROR(AE59/TIENDAS,0) -> 0.02 | AG59: 4 | AH59: 0 | AI59: =IFERROR(AC59/M59,0) -> 0.05156038 | AJ59: =IFERROR(AD59/M59,0) -> 0 | AK59: =AC59*O59/1000 -> 0.60892809 | AL59: 1394 | AM59: =AL59*O59/1000 -> 11.169023 | AN59: =IFERROR(AL59/U59,0) -> 0.94572592 | AO59: =M59-AB59 -> 1394 | AP59: =AO59*O59/1000 -> 11.169023 | AQ59: =IFERROR((AC59+AD59)/M59,0) -> 0.05156038 | AR59: 46293 | AS59: 46294 | AT59: =IF(OR(W59="",AS59=""),"",AS59-W59) -> 5 | AU59: =IF(M59=0,"",RANK(M59,$M$8:$M$474)) -> 102 | AV59: =IF(AB59=0,"",RANK(AB59,$AB$8:$AB$474)) -> 391 | AW59: =IF(OR(AU59="",AV59=""),"",AU59-AV59) -> -289
A60: HOMBRE | B60: PANTALON LARGO HOMBRE | C60: JEANS | D60: 2711PT01 | E60: =COUNTIF('Detalle por artículo'!$K$8:$K$592,D60) -> 4 | F60: =IFERROR(L60/G60,0) -> 208.03692 | G60: =SUMIF('Detalle por artículo'!$K$8:$K$592,$D60,'Detalle por artículo'!$E$8:$E$592) -> 11.808 | H60: =ROUNDUP(G60/1.54,0) -> 8 | I60: =ROUNDUP(G60/0.77,0) -> 16 | J60: =ROUNDUP(G60/0.385,0) -> 31 | K60: =G60/28 -> 0.42171429 | L60: =SUMIF('Detalle por artículo'!$K$8:$K$592,$D60,'Detalle por artículo'!$O$8:$O$592) -> 2456.5 | M60: =SUMIF('Detalle por artículo'!$K$8:$K$592,$D60,'Detalle por artículo'!$I$8:$I$592) -> 3672 | N60: =SUMIF('Detalle por artículo'!$K$8:$K$592,$D60,'Detalle por artículo'!$M$8:$M$592) -> 123 | O60: =IFERROR(G60/M60*1000,0) -> 3.2156863 | P60: =IFERROR(L60/M60*1000,0) -> 668.98148 | Q60: =IF(F60=0,0,IF(F60<120,0.2,IF(F60>200,0.1,0.15))) -> 0.1 | R60: =G60*(1+Q60) -> 12.9888 | S60: =IFERROR(SUM($G$8:G60)/$G$6,0) -> 0.53813458 | T60: =IF(S60<=0.5,"A",IF(S60<=0.84,"B","C")) -> B | U60: 3672 | V60: =U60-M60 -> 0 | W60: 46293 | X60: 46293 | Y60: 0 | Z60: =Y60*O60/1000 -> 0 | AA60: =Z60/28 -> 0 | AB60: 0 | AC60: =IFERROR(INDEX(IMP_TOT,MATCH(D60,IMP_MOD,0)),0) -> 0 | AD60: =IFERROR(INDEX(REP_TOT,MATCH(D60,REP_MOD,0)),0) -> 0 | AE60: =IFERROR(INDEX(IMP_NT,MATCH(D60,IMP_MOD,0)),0) -> 0 | AF60: =IFERROR(AE60/TIENDAS,0) -> 0 | AG60: 0 | AH60: 0 | AI60: =IFERROR(AC60/M60,0) -> 0 | AJ60: =IFERROR(AD60/M60,0) -> 0 | AK60: =AC60*O60/1000 -> 0 | AL60: 3672 | AM60: =AL60*O60/1000 -> 11.808 | AN60: =IFERROR(AL60/U60,0) -> 1 | AO60: =M60-AB60 -> 3672 | AP60: =AO60*O60/1000 -> 11.808 | AQ60: =IFERROR((AC60+AD60)/M60,0) -> 0 | AT60: =IF(OR(W60="",AS60=""),"",AS60-W60) | AU60: =IF(M60=0,"",RANK(M60,$M$8:$M$474)) -> 18 | AV60: =IF(AB60=0,"",RANK(AB60,$AB$8:$AB$474)) | AW60: =IF(OR(AU60="",AV60=""),"",AU60-AV60)
A61: HOMBRE | B61: CHAQUETA HOMBRE | C61: PLUMIFERO | D61: 2621JA53 | E61: =COUNTIF('Detalle por artículo'!$K$8:$K$592,D61) -> 2 | F61: =IFERROR(L61/G61,0) -> 93.432203 | G61: =SUMIF('Detalle por artículo'!$K$8:$K$592,$D61,'Detalle por artículo'!$E$8:$E$592) -> 11.328 | H61: =ROUNDUP(G61/1.54,0) -> 8 | I61: =ROUNDUP(G61/0.77,0) -> 15 | J61: =ROUNDUP(G61/0.385,0) -> 30 | K61: =G61/28 -> 0.40457143 | L61: =SUMIF('Detalle por artículo'!$K$8:$K$592,$D61,'Detalle por artículo'!$O$8:$O$592) -> 1058.4 | M61: =SUMIF('Detalle por artículo'!$K$8:$K$592,$D61,'Detalle por artículo'!$I$8:$I$592) -> 1646 | N61: =SUMIF('Detalle por artículo'!$K$8:$K$592,$D61,'Detalle por artículo'!$M$8:$M$592) -> 118 | O61: =IFERROR(G61/M61*1000,0) -> 6.8821385 | P61: =IFERROR(L61/M61*1000,0) -> 643.01337 | Q61: =IF(F61=0,0,IF(F61<120,0.2,IF(F61>200,0.1,0.15))) -> 0.2 | R61: =G61*(1+Q61) -> 13.5936 | S61: =IFERROR(SUM($G$8:G61)/$G$6,0) -> 0.54229721 | T61: =IF(S61<=0.5,"A",IF(S61<=0.84,"B","C")) -> B | U61: 1646 | V61: =U61-M61 -> 0 | W61: 46253 | X61: 46253 | Y61: 0 | Z61: =Y61*O61/1000 -> 0 | AA61: =Z61/28 -> 0 | AB61: 903 | AC61: =IFERROR(INDEX(IMP_TOT,MATCH(D61,IMP_MOD,0)),0) -> 769 | AD61: =IFERROR(INDEX(REP_TOT,MATCH(D61,REP_MOD,0)),0) -> 117 | AE61: =IFERROR(INDEX(IMP_NT,MATCH(D61,IMP_MOD,0)),0) -> 48 | AF61: =IFERROR(AE61/TIENDAS,0) -> 0.96 | AG61: 1 | AH61: 16 | AI61: =IFERROR(AC61/M61,0) -> 0.4671932 | AJ61: =IFERROR(AD61/M61,0) -> 0.071081409 | AK61: =AC61*O61/1000 -> 5.2923645 | AL61: 743 | AM61: =AL61*O61/1000 -> 5.1134289 | AN61: =IFERROR(AL61/U61,0) -> 0.45139733 | AO61: =M61-AB61 -> 743 | AP61: =AO61*O61/1000 -> 5.1134289 | AQ61: =IFERROR((AC61+AD61)/M61,0) -> 0.53827461 | AR61: 46260 | AS61: 46260 | AT61: =IF(OR(W61="",AS61=""),"",AS61-W61) -> 7 | AU61: =IF(M61=0,"",RANK(M61,$M$8:$M$474)) -> 73 | AV61: =IF(AB61=0,"",RANK(AB61,$AB$8:$AB$474)) -> 80 | AW61: =IF(OR(AU61="",AV61=""),"",AU61-AV61) -> -7
A62: HOMBRE | B62: TRICOT HOMBRE | C62: JERSEY HIGH NECK | D62: 2621TR10 | E62: =COUNTIF('Detalle por artículo'!$K$8:$K$592,D62) -> 1 | F62: =IFERROR(L62/G62,0) -> 164.36494 | G62: =SUMIF('Detalle por artículo'!$K$8:$K$592,$D62,'Detalle por artículo'!$E$8:$E$592) -> 11.18 | H62: =ROUNDUP(G62/1.54,0) -> 8 | I62: =ROUNDUP(G62/0.77,0) -> 15 | J62: =ROUNDUP(G62/0.385,0) -> 30 | K62: =G62/28 -> 0.39928571 | L62: =SUMIF('Detalle por artículo'!$K$8:$K$592,$D62,'Detalle por artículo'!$O$8:$O$592) -> 1837.6 | M62: =SUMIF('Detalle por artículo'!$K$8:$K$592,$D62,'Detalle por artículo'!$I$8:$I$592) -> 2393 | N62: =SUMIF('Detalle por artículo'!$K$8:$K$592,$D62,'Detalle por artículo'!$M$8:$M$592) -> 109 | O62: =IFERROR(G62/M62*1000,0) -> 4.6719599 | P62: =IFERROR(L62/M62*1000,0) -> 767.90639 | Q62: =IF(F62=0,0,IF(F62<120,0.2,IF(F62>200,0.1,0.15))) -> 0.15 | R62: =G62*(1+Q62) -> 12.857 | S62: =IFERROR(SUM($G$8:G62)/$G$6,0) -> 0.54640546 | T62: =IF(S62<=0.5,"A",IF(S62<=0.84,"B","C")) -> B | U62: 2372 | V62: =U62-M62 -> -21 | W62: 46289 | X62: 46289 | Y62: 40 | Z62: =Y62*O62/1000 -> 0.1868784 | AA62: =Z62/28 -> 0.0066742284 | AB62: 615 | AC62: =IFERROR(INDEX(IMP_TOT,MATCH(D62,IMP_MOD,0)),0) -> 480 | AD62: =IFERROR(INDEX(REP_TOT,MATCH(D62,REP_MOD,0)),0) -> 139 | AE62: =IFERROR(INDEX(IMP_NT,MATCH(D62,IMP_MOD,0)),0) -> 31 | AF62: =IFERROR(AE62/TIENDAS,0) -> 0.62 | AG62: 2 | AH62: 0 | AI62: =IFERROR(AC62/M62,0) -> 0.20058504 | AJ62: =IFERROR(AD62/M62,0) -> 0.058086084 | AK62: =AC62*O62/1000 -> 2.2425407 | AL62: 1757 | AM62: =AL62*O62/1000 -> 8.2086335 | AN62: =IFERROR(AL62/U62,0) -> 0.74072513 | AO62: =M62-AB62 -> 1778 | AP62: =AO62*O62/1000 -> 8.3067447 | AQ62: =IFERROR((AC62+AD62)/M62,0) -> 0.25867112 | AR62: 46292 | AS62: 46293 | AT62: =IF(OR(W62="",AS62=""),"",AS62-W62) -> 4 | AU62: =IF(M62=0,"",RANK(M62,$M$8:$M$474)) -> 35 | AV62: =IF(AB62=0,"",RANK(AB62,$AB$8:$AB$474)) -> 178 | AW62: =IF(OR(AU62="",AV62=""),"",AU62-AV62) -> -143
A63: HOMBRE | B63: CHAQUETA HOMBRE | C63: CAZADORA | D63: 2621JA17 | E63: =COUNTIF('Detalle por artículo'!$K$8:$K$592,D63) -> 2 | F63: =IFERROR(L63/G63,0) -> 207.75463 | G63: =SUMIF('Detalle por artículo'!$K$8:$K$592,$D63,'Detalle por artículo'!$E$8:$E$592) -> 10.8864 | H63: =ROUNDUP(G63/1.54,0) -> 8 | I63: =ROUNDUP(G63/0.77,0) -> 15 | J63: =ROUNDUP(G63/0.385,0) -> 29 | K63: =G63/28 -> 0.3888 | L63: =SUMIF('Detalle por artículo'!$K$8:$K$592,$D63,'Detalle por artículo'!$O$8:$O$592) -> 2261.7 | M63: =SUMIF('Detalle por artículo'!$K$8:$K$592,$D63,'Detalle por artículo'!$I$8:$I$592) -> 1731 | N63: =SUMIF('Detalle por artículo'!$K$8:$K$592,$D63,'Detalle por artículo'!$M$8:$M$592) -> 90 | O63: =IFERROR(G63/M63*1000,0) -> 6.2890815 | P63: =IFERROR(L63/M63*1000,0) -> 1306.5858 | Q63: =IF(F63=0,0,IF(F63<120,0.2,IF(F63>200,0.1,0.15))) -> 0.1 | R63: =G63*(1+Q63) -> 11.97504 | S63: =IFERROR(SUM($G$8:G63)/$G$6,0) -> 0.55040582 | T63: =IF(S63<=0.5,"A",IF(S63<=0.84,"B","C")) -> B | U63: 1729 | V63: =U63-M63 -> -2 | W63: 46237 | X63: 46237 | Y63: 21 | Z63: =Y63*O63/1000 -> 0.13207071 | AA63: =Z63/28 -> 0.0047168111 | AB63: 1540 | AC63: =IFERROR(INDEX(IMP_TOT,MATCH(D63,IMP_MOD,0)),0) -> 927 | AD63: =IFERROR(INDEX(REP_TOT,MATCH(D63,REP_MOD,0)),0) -> 589 | AE63: =IFERROR(INDEX(IMP_NT,MATCH(D63,IMP_MOD,0)),0) -> 48 | AF63: =IFERROR(AE63/TIENDAS,0) -> 0.96 | AG63: 7 | AH63: 17 | AI63: =IFERROR(AC63/M63,0) -> 0.5355286 | AJ63: =IFERROR(AD63/M63,0) -> 0.34026574 | AK63: =AC63*O63/1000 -> 5.8299785 | AL63: 189 | AM63: =AL63*O63/1000 -> 1.1886364 | AN63: =IFERROR(AL63/U63,0) -> 0.10931174 | AO63: =M63-AB63 -> 191 | AP63: =AO63*O63/1000 -> 1.2012146 | AQ63: =IFERROR((AC63+AD63)/M63,0) -> 0.87579434 | AR63: 46257 | AS63: 46258 | AT63: =IF(OR(W63="",AS63=""),"",AS63-W63) -> 21 | AU63: =IF(M63=0,"",RANK(M63,$M$8:$M$474)) -> 63 | AV63: =IF(AB63=0,"",RANK(AB63,$AB$8:$AB$474)) -> 23 | AW63: =IF(OR(AU63="",AV63=""),"",AU63-AV63) -> 40
A64: HOMBRE | B64: CHAQUETA HOMBRE | C64: CAZADORA | D64: 2621JA15 | E64: =COUNTIF('Detalle por artículo'!$K$8:$K$592,D64) -> 2 | F64: =IFERROR(L64/G64,0) -> 124.79572 | G64: =SUMIF('Detalle por artículo'!$K$8:$K$592,$D64,'Detalle por artículo'!$E$8:$E$592) -> 10.28 | H64: =ROUNDUP(G64/1.54,0) -> 7 | I64: =ROUNDUP(G64/0.77,0) -> 14 | J64: =ROUNDUP(G64/0.385,0) -> 27 | K64: =G64/28 -> 0.36714286 | L64: =SUMIF('Detalle por artículo'!$K$8:$K$592,$D64,'Detalle por artículo'!$O$8:$O$592) -> 1282.9 | M64: =SUMIF('Detalle por artículo'!$K$8:$K$592,$D64,'Detalle por artículo'!$I$8:$I$592) -> 1810 | N64: =SUMIF('Detalle por artículo'!$K$8:$K$592,$D64,'Detalle por artículo'!$M$8:$M$592) -> 107 | O64: =IFERROR(G64/M64*1000,0) -> 5.679558 | P64: =IFERROR(L64/M64*1000,0) -> 708.78453 | Q64: =IF(F64=0,0,IF(F64<120,0.2,IF(F64>200,0.1,0.15))) -> 0.15 | R64: =G64*(1+Q64) -> 11.822 | S64: =IFERROR(SUM($G$8:G64)/$G$6,0) -> 0.55418334 | T64: =IF(S64<=0.5,"A",IF(S64<=0.84,"B","C")) -> B | U64: 1810 | V64: =U64-M64 -> 0 | W64: 46213 | X64: 46213 | Y64: 0 | Z64: =Y64*O64/1000 -> 0 | AA64: =Z64/28 -> 0 | AB64: 1253 | AC64: =IFERROR(INDEX(IMP_TOT,MATCH(D64,IMP_MOD,0)),0) -> 448 | AD64: =IFERROR(INDEX(REP_TOT,MATCH(D64,REP_MOD,0)),0) -> 788 | AE64: =IFERROR(INDEX(IMP_NT,MATCH(D64,IMP_MOD,0)),0) -> 47 | AF64: =IFERROR(AE64/TIENDAS,0) -> 0.94 | AG64: 1 | AH64: 16 | AI64: =IFERROR(AC64/M64,0) -> 0.24751381 | AJ64: =IFERROR(AD64/M64,0) -> 0.43535912 | AK64: =AC64*O64/1000 -> 2.544442 | AL64: 556 | AM64: =AL64*O64/1000 -> 3.1578343 | AN64: =IFERROR(AL64/U64,0) -> 0.30718232 | AO64: =M64-AB64 -> 557 | AP64: =AO64*O64/1000 -> 3.1635138 | AQ64: =IFERROR((AC64+AD64)/M64,0) -> 0.68287293 | AR64: 46219 | AS64: 46219 | AT64: =IF(OR(W64="",AS64=""),"",AS64-W64) -> 6 | AU64: =IF(M64=0,"",RANK(M64,$M$8:$M$474)) -> 54 | AV64: =IF(AB64=0,"",RANK(AB64,$AB$8:$AB$474)) -> 43 | AW64: =IF(OR(AU64="",AV64=""),"",AU64-AV64) -> 11
A65: BOY | B65: CHAQUETA BOY | C65: PLANA | D65: 2624JA04 | E65: =COUNTIF('Detalle por artículo'!$K$8:$K$592,D65) -> 2 | F65: =IFERROR(L65/G65,0) -> 98.113208 | G65: =SUMIF('Detalle por artículo'!$K$8:$K$592,$D65,'Detalle por artículo'!$E$8:$E$592) -> 10.176 | H65: =ROUNDUP(G65/1.54,0) -> 7 | I65: =ROUNDUP(G65/0.77,0) -> 14 | J65: =ROUNDUP(G65/0.385,0) -> 27 | K65: =G65/28 -> 0.36342857 | L65: =SUMIF('Detalle por artículo'!$K$8:$K$592,$D65,'Detalle por artículo'!$O$8:$O$592) -> 998.4 | M65: =SUMIF('Detalle por artículo'!$K$8:$K$592,$D65,'Detalle por artículo'!$I$8:$I$592) -> 1359 | N65: =SUMIF('Detalle por artículo'!$K$8:$K$592,$D65,'Detalle por artículo'!$M$8:$M$592) -> 106 | O65: =IFERROR(G65/M65*1000,0) -> 7.4878587 | P65: =IFERROR(L65/M65*1000,0) -> 734.65784 | Q65: =IF(F65=0,0,IF(F65<120,0.2,IF(F65>200,0.1,0.15))) -> 0.2 | R65: =G65*(1+Q65) -> 12.2112 | S65: =IFERROR(SUM($G$8:G65)/$G$6,0) -> 0.55792266 | T65: =IF(S65<=0.5,"A",IF(S65<=0.84,"B","C")) -> B | U65: 1359 | V65: =U65-M65 -> 0 | W65: 46252 | X65: 46252 | Y65: 2 | Z65: =Y65*O65/1000 -> 0.014975717 | AA65: =Z65/28 -> 0.00053484705 | AB65: 485 | AC65: =IFERROR(INDEX(IMP_TOT,MATCH(D65,IMP_MOD,0)),0) -> 432 | AD65: =IFERROR(INDEX(REP_TOT,MATCH(D65,REP_MOD,0)),0) -> 39 | AE65: =IFERROR(INDEX(IMP_NT,MATCH(D65,IMP_MOD,0)),0) -> 32 | AF65: =IFERROR(AE65/TIENDAS,0) -> 0.64 | AG65: 2 | AH65: 12 | AI65: =IFERROR(AC65/M65,0) -> 0.31788079 | AJ65: =IFERROR(AD65/M65,0) -> 0.028697572 | AK65: =AC65*O65/1000 -> 3.234755 | AL65: 874 | AM65: =AL65*O65/1000 -> 6.5443885 | AN65: =IFERROR(AL65/U65,0) -> 0.64311994 | AO65: =M65-AB65 -> 874 | AP65: =AO65*O65/1000 -> 6.5443885 | AQ65: =IFERROR((AC65+AD65)/M65,0) -> 0.34657837 | AR65: 46268 | AS65: 46269 | AT65: =IF(OR(W65="",AS65=""),"",AS65-W65) -> 17 | AU65: =IF(M65=0,"",RANK(M65,$M$8:$M$474)) -> 121 | AV65: =IF(AB65=0,"",RANK(AB65,$AB$8:$AB$474)) -> 280 | AW65: =IF(OR(AU65="",AV65=""),"",AU65-AV65) -> -159
A66: MUJER | B66: CHAQUETA MUJER | C66: CAZADORA | D66: 2622JA10 | E66: =COUNTIF('Detalle por artículo'!$K$8:$K$592,D66) -> 2 | F66: =IFERROR(L66/G66,0) -> 160.10617 | G66: =SUMIF('Detalle por artículo'!$K$8:$K$592,$D66,'Detalle por artículo'!$E$8:$E$592) -> 9.984 | H66: =ROUNDUP(G66/1.54,0) -> 7 | I66: =ROUNDUP(G66/0.77,0) -> 13 | J66: =ROUNDUP(G66/0.385,0) -> 26 | K66: =G66/28 -> 0.35657143 | L66: =SUMIF('Detalle por artículo'!$K$8:$K$592,$D66,'Detalle por artículo'!$O$8:$O$592) -> 1598.5 | M66: =SUMIF('Detalle por artículo'!$K$8:$K$592,$D66,'Detalle por artículo'!$I$8:$I$592) -> 1539 | N66: =SUMIF('Detalle por artículo'!$K$8:$K$592,$D66,'Detalle por artículo'!$M$8:$M$592) -> 104 | O66: =IFERROR(G66/M66*1000,0) -> 6.4873294 | P66: =IFERROR(L66/M66*1000,0) -> 1038.6615 | Q66: =IF(F66=0,0,IF(F66<120,0.2,IF(F66>200,0.1,0.15))) -> 0.15 | R66: =G66*(1+Q66) -> 11.4816 | S66: =IFERROR(SUM($G$8:G66)/$G$6,0) -> 0.56159141 | T66: =IF(S66<=0.5,"A",IF(S66<=0.84,"B","C")) -> B | U66: 1539 | V66: =U66-M66 -> 0 | W66: 46316 | X66: 46316 | Y66: 1539 | Z66: =Y66*O66/1000 -> 9.984 | AA66: =Z66/28 -> 0.35657143 | AB66: 28 | AC66: =IFERROR(INDEX(IMP_TOT,MATCH(D66,IMP_MOD,0)),0) -> 28 | AD66: =IFERROR(INDEX(REP_TOT,MATCH(D66,REP_MOD,0)),0) -> 0 | AE66: =IFERROR(INDEX(IMP_NT,MATCH(D66,IMP_MOD,0)),0) -> 2 | AF66: =IFERROR(AE66/TIENDAS,0) -> 0.04 | AG66: 0 | AH66: 0 | AI66: =IFERROR(AC66/M66,0) -> 0.018193632 | AJ66: =IFERROR(AD66/M66,0) -> 0 | AK66: =AC66*O66/1000 -> 0.18164522 | AL66: 1511 | AM66: =AL66*O66/1000 -> 9.8023548 | AN66: =IFERROR(AL66/U66,0) -> 0.98180637 | AO66: =M66-AB66 -> 1511 | AP66: =AO66*O66/1000 -> 9.8023548 | AQ66: =IFERROR((AC66+AD66)/M66,0) -> 0.018193632 | AR66: 46317 | AS66: 46318 | AT66: =IF(OR(W66="",AS66=""),"",AS66-W66) -> 2 | AU66: =IF(M66=0,"",RANK(M66,$M$8:$M$474)) -> 90 | AV66: =IF(AB66=0,"",RANK(AB66,$AB$8:$AB$474)) -> 411 | AW66: =IF(OR(AU66="",AV66=""),"",AU66-AV66) -> -321
A67: MUJER | B67: CHAQUETA MUJER | C67: PLUMIFERO | D67: 2622JA54 | E67: =COUNTIF('Detalle por artículo'!$K$8:$K$592,D67) -> 1 | F67: =IFERROR(L67/G67,0) -> 95.189951 | G67: =SUMIF('Detalle por artículo'!$K$8:$K$592,$D67,'Detalle por artículo'!$E$8:$E$592) -> 9.792 | H67: =ROUNDUP(G67/1.54,0) -> 7 | I67: =ROUNDUP(G67/0.77,0) -> 13 | J67: =ROUNDUP(G67/0.385,0) -> 26 | K67: =G67/28 -> 0.34971429 | L67: =SUMIF('Detalle por artículo'!$K$8:$K$592,$D67,'Detalle por artículo'!$O$8:$O$592) -> 932.1 | M67: =SUMIF('Detalle por artículo'!$K$8:$K$592,$D67,'Detalle por artículo'!$I$8:$I$592) -> 810 | N67: =SUMIF('Detalle por artículo'!$K$8:$K$592,$D67,'Detalle por artículo'!$M$8:$M$592) -> 102 | O67: =IFERROR(G67/M67*1000,0) -> 12.088889 | P67: =IFERROR(L67/M67*1000,0) -> 1150.7407 | Q67: =IF(F67=0,0,IF(F67<120,0.2,IF(F67>200,0.1,0.15))) -> 0.2 | R67: =G67*(1+Q67) -> 11.7504 | S67: =IFERROR(SUM($G$8:G67)/$G$6,0) -> 0.56518962 | T67: =IF(S67<=0.5,"A",IF(S67<=0.84,"B","C")) -> B | U67: 809 | V67: =U67-M67 -> -1 | W67: 46316 | X67: 46316 | Y67: 821 | Z67: =Y67*O67/1000 -> 9.9249778 | AA67: =Z67/28 -> 0.35446349 | AB67: 0 | AC67: =IFERROR(INDEX(IMP_TOT,MATCH(D67,IMP_MOD,0)),0) -> 104 | AD67: =IFERROR(INDEX(REP_TOT,MATCH(D67,REP_MOD,0)),0) -> 0 | AE67: =IFERROR(INDEX(IMP_NT,MATCH(D67,IMP_MOD,0)),0) -> 17 | AF67: =IFERROR(AE67/TIENDAS,0) -> 0.34 | AG67: 0 | AH67: 0 | AI67: =IFERROR(AC67/M67,0) -> 0.12839506 | AJ67: =IFERROR(AD67/M67,0) -> 0 | AK67: =AC67*O67/1000 -> 1.2572444 | AL67: 809 | AM67: =AL67*O67/1000 -> 9.7799111 | AN67: =IFERROR(AL67/U67,0) -> 1 | AO67: =M67-AB67 -> 810 | AP67: =AO67*O67/1000 -> 9.792 | AQ67: =IFERROR((AC67+AD67)/M67,0) -> 0.12839506 | AT67: =IF(OR(W67="",AS67=""),"",AS67-W67) | AU67: =IF(M67=0,"",RANK(M67,$M$8:$M$474)) -> 235 | AV67: =IF(AB67=0,"",RANK(AB67,$AB$8:$AB$474)) | AW67: =IF(OR(AU67="",AV67=""),"",AU67-AV67)
A68: HOMBRE | B68: SUDADERA HOMBRE | C68: HIGH NECK | D68: 2621SU06 | E68: =COUNTIF('Detalle por artículo'!$K$8:$K$592,D68) -> 2 | F68: =IFERROR(L68/G68,0) -> 156.37113 | G68: =SUMIF('Detalle por artículo'!$K$8:$K$592,$D68,'Detalle por artículo'!$E$8:$E$592) -> 9.7 | H68: =ROUNDUP(G68/1.54,0) -> 7 | I68: =ROUNDUP(G68/0.77,0) -> 13 | J68: =ROUNDUP(G68/0.385,0) -> 26 | K68: =G68/28 -> 0.34642857 | L68: =SUMIF('Detalle por artículo'!$K$8:$K$592,$D68,'Detalle por artículo'!$O$8:$O$592) -> 1516.8 | M68: =SUMIF('Detalle por artículo'!$K$8:$K$592,$D68,'Detalle por artículo'!$I$8:$I$592) -> 2500 | N68: =SUMIF('Detalle por artículo'!$K$8:$K$592,$D68,'Detalle por artículo'!$M$8:$M$592) -> 101 | O68: =IFERROR(G68/M68*1000,0) -> 3.88 | P68: =IFERROR(L68/M68*1000,0) -> 606.72 | Q68: =IF(F68=0,0,IF(F68<120,0.2,IF(F68>200,0.1,0.15))) -> 0.15 | R68: =G68*(1+Q68) -> 11.155 | S68: =IFERROR(SUM($G$8:G68)/$G$6,0) -> 0.56875402 | T68: =IF(S68<=0.5,"A",IF(S68<=0.84,"B","C")) -> B | U68: 2500 | V68: =U68-M68 -> 0 | W68: 46234 | X68: 46234 | Y68: 0 | Z68: =Y68*O68/1000 -> 0 | AA68: =Z68/28 -> 0 | AB68: 823 | AC68: =IFERROR(INDEX(IMP_TOT,MATCH(D68,IMP_MOD,0)),0) -> 459 | AD68: =IFERROR(INDEX(REP_TOT,MATCH(D68,REP_MOD,0)),0) -> 348 | AE68: =IFERROR(INDEX(IMP_NT,MATCH(D68,IMP_MOD,0)),0) -> 38 | AF68: =IFERROR(AE68/TIENDAS,0) -> 0.76 | AG68: 3 | AH68: 14 | AI68: =IFERROR(AC68/M68,0) -> 0.1836 | AJ68: =IFERROR(AD68/M68,0) -> 0.1392 | AK68: =AC68*O68/1000 -> 1.78092 | AL68: 1677 | AM68: =AL68*O68/1000 -> 6.50676 | AN68: =IFERROR(AL68/U68,0) -> 0.6708 | AO68: =M68-AB68 -> 1677 | AP68: =AO68*O68/1000 -> 6.50676 | AQ68: =IFERROR((AC68+AD68)/M68,0) -> 0.3228 | AR68: 46254 | AS68: 46255 | AT68: =IF(OR(W68="",AS68=""),"",AS68-W68) -> 21 | AU68: =IF(M68=0,"",RANK(M68,$M$8:$M$474)) -> 29 | AV68: =IF(AB68=0,"",RANK(AB68,$AB$8:$AB$474)) -> 91 | AW68: =IF(OR(AU68="",AV68=""),"",AU68-AV68) -> -62
A69: HOMBRE | B69: CHAQUETA HOMBRE | C69: CAZADORA | D69: 2621JA04 | E69: =COUNTIF('Detalle por artículo'!$K$8:$K$592,D69) -> 1 | F69: =IFERROR(L69/G69,0) -> 145.72917 | G69: =SUMIF('Detalle por artículo'!$K$8:$K$592,$D69,'Detalle por artículo'!$E$8:$E$592) -> 9.6 | H69: =ROUNDUP(G69/1.54,0) -> 7 | I69: =ROUNDUP(G69/0.77,0) -> 13 | J69: =ROUNDUP(G69/0.385,0) -> 25 | K69: =G69/28 -> 0.34285714 | L69: =SUMIF('Detalle por artículo'!$K$8:$K$592,$D69,'Detalle por artículo'!$O$8:$O$592) -> 1399 | M69: =SUMIF('Detalle por artículo'!$K$8:$K$592,$D69,'Detalle por artículo'!$I$8:$I$592) -> 1196 | N69: =SUMIF('Detalle por artículo'!$K$8:$K$592,$D69,'Detalle por artículo'!$M$8:$M$592) -> 100 | O69: =IFERROR(G69/M69*1000,0) -> 8.0267559 | P69: =IFERROR(L69/M69*1000,0) -> 1169.7324 | Q69: =IF(F69=0,0,IF(F69<120,0.2,IF(F69>200,0.1,0.15))) -> 0.15 | R69: =G69*(1+Q69) -> 11.04 | S69: =IFERROR(SUM($G$8:G69)/$G$6,0) -> 0.57228167 | T69: =IF(S69<=0.5,"A",IF(S69<=0.84,"B","C")) -> B | U69: 1196 | V69: =U69-M69 -> 0 | W69: 46216 | X69: 46216 | Y69: 0 | Z69: =Y69*O69/1000 -> 0 | AA69: =Z69/28 -> 0 | AB69: 1033 | AC69: =IFERROR(INDEX(IMP_TOT,MATCH(D69,IMP_MOD,0)),0) -> 613 | AD69: =IFERROR(INDEX(REP_TOT,MATCH(D69,REP_MOD,0)),0) -> 391 | AE69: =IFERROR(INDEX(IMP_NT,MATCH(D69,IMP_MOD,0)),0) -> 49 | AF69: =IFERROR(AE69/TIENDAS,0) -> 0.98 | AG69: 7 | AH69: 22 | AI69: =IFERROR(AC69/M69,0) -> 0.51254181 | AJ69: =IFERROR(AD69/M69,0) -> 0.32692308 | AK69: =AC69*O69/1000 -> 4.9204013 | AL69: 167 | AM69: =AL69*O69/1000 -> 1.3404682 | AN69: =IFERROR(AL69/U69,0) -> 0.13963211 | AO69: =M69-AB69 -> 163 | AP69: =AO69*O69/1000 -> 1.3083612 | AQ69: =IFERROR((AC69+AD69)/M69,0) -> 0.83946488 | AR69: 46219 | AS69: 46220 | AT69: =IF(OR(W69="",AS69=""),"",AS69-W69) -> 4 | AU69: =IF(M69=0,"",RANK(M69,$M$8:$M$474)) -> 139 | AV69: =IF(AB69=0,"",RANK(AB69,$AB$8:$AB$474)) -> 64 | AW69: =IF(OR(AU69="",AV69=""),"",AU69-AV69) -> 75
A70: MUJER | B70: CHAQUETA MUJER | C70: PLUMIFERO | D70: 2622JA78 | E70: =COUNTIF('Detalle por artículo'!$K$8:$K$592,D70) -> 1 | F70: =IFERROR(L70/G70,0) -> 109.82292 | G70: =SUMIF('Detalle por artículo'!$K$8:$K$592,$D70,'Detalle por artículo'!$E$8:$E$592) -> 9.6 | H70: =ROUNDUP(G70/1.54,0) -> 7 | I70: =ROUNDUP(G70/0.77,0) -> 13 | J70: =ROUNDUP(G70/0.385,0) -> 25 | K70: =G70/28 -> 0.34285714 | L70: =SUMIF('Detalle por artículo'!$K$8:$K$592,$D70,'Detalle por artículo'!$O$8:$O$592) -> 1054.3 | M70: =SUMIF('Detalle por artículo'!$K$8:$K$592,$D70,'Detalle por artículo'!$I$8:$I$592) -> 680 | N70: =SUMIF('Detalle por artículo'!$K$8:$K$592,$D70,'Detalle por artículo'!$M$8:$M$592) -> 101 | O70: =IFERROR(G70/M70*1000,0) -> 14.117647 | P70: =IFERROR(L70/M70*1000,0) -> 1550.4412 | Q70: =IF(F70=0,0,IF(F70<120,0.2,IF(F70>200,0.1,0.15))) -> 0.2 | R70: =G70*(1+Q70) -> 11.52 | S70: =IFERROR(SUM($G$8:G70)/$G$6,0) -> 0.57580932 | T70: =IF(S70<=0.5,"A",IF(S70<=0.84,"B","C")) -> B | U70: 680 | V70: =U70-M70 -> 0 | W70: 46316 | X70: 46316 | Y70: 686 | Z70: =Y70*O70/1000 -> 9.6847059 | AA70: =Z70/28 -> 0.34588235 | AB70: 0 | AC70: =IFERROR(INDEX(IMP_TOT,MATCH(D70,IMP_MOD,0)),0) -> 0 | AD70: =IFERROR(INDEX(REP_TOT,MATCH(D70,REP_MOD,0)),0) -> 0 | AE70: =IFERROR(INDEX(IMP_NT,MATCH(D70,IMP_MOD,0)),0) -> 0 | AF70: =IFERROR(AE70/TIENDAS,0) -> 0 | AG70: 0 | AH70: 0 | AI70: =IFERROR(AC70/M70,0) -> 0 | AJ70: =IFERROR(AD70/M70,0) -> 0 | AK70: =AC70*O70/1000 -> 0 | AL70: 680 | AM70: =AL70*O70/1000 -> 9.6 | AN70: =IFERROR(AL70/U70,0) -> 1 | AO70: =M70-AB70 -> 680 | AP70: =AO70*O70/1000 -> 9.6 | AQ70: =IFERROR((AC70+AD70)/M70,0) -> 0 | AT70: =IF(OR(W70="",AS70=""),"",AS70-W70) | AU70: =IF(M70=0,"",RANK(M70,$M$8:$M$474)) -> 335 | AV70: =IF(AB70=0,"",RANK(AB70,$AB$8:$AB$474)) | AW70: =IF(OR(AU70="",AV70=""),"",AU70-AV70)
A71: MUJER | B71: SUDADERA MUJER | C71: HOODIE | D71: 2622SU03 | E71: =COUNTIF('Detalle por artículo'!$K$8:$K$592,D71) -> 1 | F71: =IFERROR(L71/G71,0) -> 108.78407 | G71: =SUMIF('Detalle por artículo'!$K$8:$K$592,$D71,'Detalle por artículo'!$E$8:$E$592) -> 9.54 | H71: =ROUNDUP(G71/1.54,0) -> 7 | I71: =ROUNDUP(G71/0.77,0) -> 13 | J71: =ROUNDUP(G71/0.385,0) -> 25 | K71: =G71/28 -> 0.34071429 | L71: =SUMIF('Detalle por artículo'!$K$8:$K$592,$D71,'Detalle por artículo'!$O$8:$O$592) -> 1037.8 | M71: =SUMIF('Detalle por artículo'!$K$8:$K$592,$D71,'Detalle por artículo'!$I$8:$I$592) -> 1064 | N71: =SUMIF('Detalle por artículo'!$K$8:$K$592,$D71,'Detalle por artículo'!$M$8:$M$592) -> 106 | O71: =IFERROR(G71/M71*1000,0) -> 8.9661654 | P71: =IFERROR(L71/M71*1000,0) -> 975.37594 | Q71: =IF(F71=0,0,IF(F71<120,0.2,IF(F71>200,0.1,0.15))) -> 0.2 | R71: =G71*(1+Q71) -> 11.448 | S71: =IFERROR(SUM($G$8:G71)/$G$6,0) -> 0.57931493 | T71: =IF(S71<=0.5,"A",IF(S71<=0.84,"B","C")) -> B | U71: 1064 | V71: =U71-M71 -> 0 | W71: 46259 | X71: 46259 | Y71: 0 | Z71: =Y71*O71/1000 -> 0 | AA71: =Z71/28 -> 0 | AB71: 587 | AC71: =IFERROR(INDEX(IMP_TOT,MATCH(D71,IMP_MOD,0)),0) -> 406 | AD71: =IFERROR(INDEX(REP_TOT,MATCH(D71,REP_MOD,0)),0) -> 168 | AE71: =IFERROR(INDEX(IMP_NT,MATCH(D71,IMP_MOD,0)),0) -> 47 | AF71: =IFERROR(AE71/TIENDAS,0) -> 0.94 | AG71: 5 | AH71: 8 | AI71: =IFERROR(AC71/M71,0) -> 0.38157895 | AJ71: =IFERROR(AD71/M71,0) -> 0.15789474 | AK71: =AC71*O71/1000 -> 3.6402632 | AL71: 477 | AM71: =AL71*O71/1000 -> 4.2768609 | AN71: =IFERROR(AL71/U71,0) -> 0.44830827 | AO71: =M71-AB71 -> 477 | AP71: =AO71*O71/1000 -> 4.2768609 | AQ71: =IFERROR((AC71+AD71)/M71,0) -> 0.53947368 | AR71: 46265 | AS71: 46266 | AT71: =IF(OR(W71="",AS71=""),"",AS71-W71) -> 7 | AU71: =IF(M71=0,"",RANK(M71,$M$8:$M$474)) -> 154 | AV71: =IF(AB71=0,"",RANK(AB71,$AB$8:$AB$474)) -> 207 | AW71: =IF(OR(AU71="",AV71=""),"",AU71-AV71) -> -53
A72: MUJER | B72: CHAQUETA MUJER | C72: PLUMIFERO | D72: 2622JA63 | E72: =COUNTIF('Detalle por artículo'!$K$8:$K$592,D72) -> 1 | F72: =IFERROR(L72/G72,0) -> 84.978355 | G72: =SUMIF('Detalle por artículo'!$K$8:$K$592,$D72,'Detalle por artículo'!$E$8:$E$592) -> 9.24 | H72: =ROUNDUP(G72/1.54,0) -> 6 | I72: =ROUNDUP(G72/0.77,0) -> 12 | J72: =ROUNDUP(G72/0.385,0) -> 24 | K72: =G72/28 -> 0.33 | L72: =SUMIF('Detalle por artículo'!$K$8:$K$592,$D72,'Detalle por artículo'!$O$8:$O$592) -> 785.2 | M72: =SUMIF('Detalle por artículo'!$K$8:$K$592,$D72,'Detalle por artículo'!$I$8:$I$592) -> 765 | N72: =SUMIF('Detalle por artículo'!$K$8:$K$592,$D72,'Detalle por artículo'!$M$8:$M$592) -> 96 | O72: =IFERROR(G72/M72*1000,0) -> 12.078431 | P72: =IFERROR(L72/M72*1000,0) -> 1026.4052 | Q72: =IF(F72=0,0,IF(F72<120,0.2,IF(F72>200,0.1,0.15))) -> 0.2 | R72: =G72*(1+Q72) -> 11.088 | S72: =IFERROR(SUM($G$8:G72)/$G$6,0) -> 0.58271029 | T72: =IF(S72<=0.5,"A",IF(S72<=0.84,"B","C")) -> B | U72: 764 | V72: =U72-M72 -> -1 | W72: 46282 | X72: 46282 | Y72: 1 | Z72: =Y72*O72/1000 -> 0.012078431 | AA72: =Z72/28 -> 0.00043137255 | AB72: 47 | AC72: =IFERROR(INDEX(IMP_TOT,MATCH(D72,IMP_MOD,0)),0) -> 38 | AD72: =IFERROR(INDEX(REP_TOT,MATCH(D72,REP_MOD,0)),0) -> 0 | AE72: =IFERROR(INDEX(IMP_NT,MATCH(D72,IMP_MOD,0)),0) -> 1 | AF72: =IFERROR(AE72/TIENDAS,0) -> 0.02 | AG72: 1 | AH72: 8 | AI72: =IFERROR(AC72/M72,0) -> 0.049673203 | AJ72: =IFERROR(AD72/M72,0) -> 0 | AK72: =AC72*O72/1000 -> 0.45898039 | AL72: 724 | AM72: =AL72*O72/1000 -> 8.7447843 | AN72: =IFERROR(AL72/U72,0) -> 0.94764398 | AO72: =M72-AB72 -> 718 | AP72: =AO72*O72/1000 -> 8.6723137 | AQ72: =IFERROR((AC72+AD72)/M72,0) -> 0.049673203 | AR72: 46285 | AS72: 46287 | AT72: =IF(OR(W72="",AS72=""),"",AS72-W72) -> 5 | AU72: =IF(M72=0,"",RANK(M72,$M$8:$M$474)) -> 264 | AV72: =IF(AB72=0,"",RANK(AB72,$AB$8:$AB$474)) -> 399 | AW72: =IF(OR(AU72="",AV72=""),"",AU72-AV72) -> -135
A73: HOMBRE | B73: CHAQUETA HOMBRE | C73: CAZADORA | D73: 2621JA13 | E73: =COUNTIF('Detalle por artículo'!$K$8:$K$592,D73) -> 1 | F73: =IFERROR(L73/G73,0) -> 92.708333 | G73: =SUMIF('Detalle por artículo'!$K$8:$K$592,$D73,'Detalle por artículo'!$E$8:$E$592) -> 9.12 | H73: =ROUNDUP(G73/1.54,0) -> 6 | I73: =ROUNDUP(G73/0.77,0) -> 12 | J73: =ROUNDUP(G73/0.385,0) -> 24 | K73: =G73/28 -> 0.32571429 | L73: =SUMIF('Detalle por artículo'!$K$8:$K$592,$D73,'Detalle por artículo'!$O$8:$O$592) -> 845.5 | M73: =SUMIF('Detalle por artículo'!$K$8:$K$592,$D73,'Detalle por artículo'!$I$8:$I$592) -> 758 | N73: =SUMIF('Detalle por artículo'!$K$8:$K$592,$D73,'Detalle por artículo'!$M$8:$M$592) -> 95 | O73: =IFERROR(G73/M73*1000,0) -> 12.031662 | P73: =IFERROR(L73/M73*1000,0) -> 1115.4354 | Q73: =IF(F73=0,0,IF(F73<120,0.2,IF(F73>200,0.1,0.15))) -> 0.2 | R73: =G73*(1+Q73) -> 10.944 | S73: =IFERROR(SUM($G$8:G73)/$G$6,0) -> 0.58606156 | T73: =IF(S73<=0.5,"A",IF(S73<=0.84,"B","C")) -> B | U73: 758 | V73: =U73-M73 -> 0 | W73: 46216 | X73: 46216 | Y73: 0 | Z73: =Y73*O73/1000 -> 0 | AA73: =Z73/28 -> 0 | AB73: 393 | AC73: =IFERROR(INDEX(IMP_TOT,MATCH(D73,IMP_MOD,0)),0) -> 332 | AD73: =IFERROR(INDEX(REP_TOT,MATCH(D73,REP_MOD,0)),0) -> 32 | AE73: =IFERROR(INDEX(IMP_NT,MATCH(D73,IMP_MOD,0)),0) -> 36 | AF73: =IFERROR(AE73/TIENDAS,0) -> 0.72 | AG73: 5 | AH73: 24 | AI73: =IFERROR(AC73/M73,0) -> 0.43799472 | AJ73: =IFERROR(AD73/M73,0) -> 0.042216359 | AK73: =AC73*O73/1000 -> 3.9945119 | AL73: 365 | AM73: =AL73*O73/1000 -> 4.3915567 | AN73: =IFERROR(AL73/U73,0) -> 0.48153034 | AO73: =M73-AB73 -> 365 | AP73: =AO73*O73/1000 -> 4.3915567 | AQ73: =IFERROR((AC73+AD73)/M73,0) -> 0.48021108 | AR73: 46219 | AS73: 46220 | AT73: =IF(OR(W73="",AS73=""),"",AS73-W73) -> 4 | AU73: =IF(M73=0,"",RANK(M73,$M$8:$M$474)) -> 273 | AV73: =IF(AB73=0,"",RANK(AB73,$AB$8:$AB$474)) -> 326 | AW73: =IF(OR(AU73="",AV73=""),"",AU73-AV73) -> -53
A74: HOMBRE | B74: SUDADERA HOMBRE | C74: HIGH NECK | D74: 2621SU13 | E74: =COUNTIF('Detalle por artículo'!$K$8:$K$592,D74) -> 2 | F74: =IFERROR(L74/G74,0) -> 153.42105 | G74: =SUMIF('Detalle por artículo'!$K$8:$K$592,$D74,'Detalle por artículo'!$E$8:$E$592) -> 9.12 | H74: =ROUNDUP(G74/1.54,0) -> 6 | I74: =ROUNDUP(G74/0.77,0) -> 12 | J74: =ROUNDUP(G74/0.385,0) -> 24 | K74: =G74/28 -> 0.32571429 | L74: =SUMIF('Detalle por artículo'!$K$8:$K$592,$D74,'Detalle por artículo'!$O$8:$O$592) -> 1399.2 | M74: =SUMIF('Detalle por artículo'!$K$8:$K$592,$D74,'Detalle por artículo'!$I$8:$I$592) -> 2500 | N74: =SUMIF('Detalle por artículo'!$K$8:$K$592,$D74,'Detalle por artículo'!$M$8:$M$592) -> 95 | O74: =IFERROR(G74/M74*1000,0) -> 3.648 | P74: =IFERROR(L74/M74*1000,0) -> 559.68 | Q74: =IF(F74=0,0,IF(F74<120,0.2,IF(F74>200,0.1,0.15))) -> 0.15 | R74: =G74*(1+Q74) -> 10.488 | S74: =IFERROR(SUM($G$8:G74)/$G$6,0) -> 0.58941283 | T74: =IF(S74<=0.5,"A",IF(S74<=0.84,"B","C")) -> B | U74: 2497 | V74: =U74-M74 -> -3 | W74: 46234 | X74: 46234 | Y74: 3 | Z74: =Y74*O74/1000 -> 0.010944 | AA74: =Z74/28 -> 0.00039085714 | AB74: 1094 | AC74: =IFERROR(INDEX(IMP_TOT,MATCH(D74,IMP_MOD,0)),0) -> 619 | AD74: =IFERROR(INDEX(REP_TOT,MATCH(D74,REP_MOD,0)),0) -> 460 | AE74: =IFERROR(INDEX(IMP_NT,MATCH(D74,IMP_MOD,0)),0) -> 49 | AF74: =IFERROR(AE74/TIENDAS,0) -> 0.98 | AG74: 2 | AH74: 14 | AI74: =IFERROR(AC74/M74,0) -> 0.2476 | AJ74: =IFERROR(AD74/M74,0) -> 0.184 | AK74: =AC74*O74/1000 -> 2.258112 | AL74: 1402 | AM74: =AL74*O74/1000 -> 5.114496 | AN74: =IFERROR(AL74/U74,0) -> 0.56147377 | AO74: =M74-AB74 -> 1406 | AP74: =AO74*O74/1000 -> 5.129088 | AQ74: =IFERROR((AC74+AD74)/M74,0) -> 0.4316 | AR74: 46254 | AS74: 46255 | AT74: =IF(OR(W74="",AS74=""),"",AS74-W74) -> 21 | AU74: =IF(M74=0,"",RANK(M74,$M$8:$M$474)) -> 29 | AV74: =IF(AB74=0,"",RANK(AB74,$AB$8:$AB$474)) -> 58 | AW74: =IF(OR(AU74="",AV74=""),"",AU74-AV74) -> -29
A75: MUJER | B75: TRICOT MUJER | C75: JERSEY HIGH NECK | D75: 2622TR74 | E75: =COUNTIF('Detalle por artículo'!$K$8:$K$592,D75) -> 2 | F75: =IFERROR(L75/G75,0) -> 76.085993 | G75: =SUMIF('Detalle por artículo'!$K$8:$K$592,$D75,'Detalle por artículo'!$E$8:$E$592) -> 9.024 | H75: =ROUNDUP(G75/1.54,0) -> 6 | I75: =ROUNDUP(G75/0.77,0) -> 12 | J75: =ROUNDUP(G75/0.385,0) -> 24 | K75: =G75/28 -> 0.32228571 | L75: =SUMIF('Detalle por artículo'!$K$8:$K$592,$D75,'Detalle por artículo'!$O$8:$O$592) -> 686.6 | M75: =SUMIF('Detalle por artículo'!$K$8:$K$592,$D75,'Detalle por artículo'!$I$8:$I$592) -> 1502 | N75: =SUMIF('Detalle por artículo'!$K$8:$K$592,$D75,'Detalle por artículo'!$M$8:$M$592) -> 94 | O75: =IFERROR(G75/M75*1000,0) -> 6.0079893 | P75: =IFERROR(L75/M75*1000,0) -> 457.12383 | Q75: =IF(F75=0,0,IF(F75<120,0.2,IF(F75>200,0.1,0.15))) -> 0.2 | R75: =G75*(1+Q75) -> 10.8288 | S75: =IFERROR(SUM($G$8:G75)/$G$6,0) -> 0.59272883 | T75: =IF(S75<=0.5,"A",IF(S75<=0.84,"B","C")) -> B | U75: 1503 | V75: =U75-M75 -> 1 | W75: 46239 | X75: 46239 | Y75: 8 | Z75: =Y75*O75/1000 -> 0.048063915 | AA75: =Z75/28 -> 0.0017165684 | AB75: 77 | AC75: =IFERROR(INDEX(IMP_TOT,MATCH(D75,IMP_MOD,0)),0) -> 27 | AD75: =IFERROR(INDEX(REP_TOT,MATCH(D75,REP_MOD,0)),0) -> 9 | AE75: =IFERROR(INDEX(IMP_NT,MATCH(D75,IMP_MOD,0)),0) -> 1 | AF75: =IFERROR(AE75/TIENDAS,0) -> 0.02 | AG75: 3 | AH75: 38 | AI75: =IFERROR(AC75/M75,0) -> 0.017976032 | AJ75: =IFERROR(AD75/M75,0) -> 0.0059920107 | AK75: =AC75*O75/1000 -> 0.16221571 | AL75: 1426 | AM75: =AL75*O75/1000 -> 8.5673928 | AN75: =IFERROR(AL75/U75,0) -> 0.94876913 | AO75: =M75-AB75 -> 1425 | AP75: =AO75*O75/1000 -> 8.5613848 | AQ75: =IFERROR((AC75+AD75)/M75,0) -> 0.023968043 | AR75: 46254 | AS75: 46255 | AT75: =IF(OR(W75="",AS75=""),"",AS75-W75) -> 16 | AU75: =IF(M75=0,"",RANK(M75,$M$8:$M$474)) -> 95 | AV75: =IF(AB75=0,"",RANK(AB75,$AB$8:$AB$474)) -> 392 | AW75: =IF(OR(AU75="",AV75=""),"",AU75-AV75) -> -297
A76: HOMBRE | B76: CHAQUETA HOMBRE | C76: PLUMIFERO | D76: 2621JA66 | E76: =COUNTIF('Detalle por artículo'!$K$8:$K$592,D76) -> 1 | F76: =IFERROR(L76/G76,0) -> 99.720045 | G76: =SUMIF('Detalle por artículo'!$K$8:$K$592,$D76,'Detalle por artículo'!$E$8:$E$592) -> 8.93 | H76: =ROUNDUP(G76/1.54,0) -> 6 | I76: =ROUNDUP(G76/0.77,0) -> 12 | J76: =ROUNDUP(G76/0.385,0) -> 24 | K76: =G76/28 -> 0.31892857 | L76: =SUMIF('Detalle por artículo'!$K$8:$K$592,$D76,'Detalle por artículo'!$O$8:$O$592) -> 890.5 | M76: =SUMIF('Detalle por artículo'!$K$8:$K$592,$D76,'Detalle por artículo'!$I$8:$I$592) -> 820 | N76: =SUMIF('Detalle por artículo'!$K$8:$K$592,$D76,'Detalle por artículo'!$M$8:$M$592) -> 93 | O76: =IFERROR(G76/M76*1000,0) -> 10.890244 | P76: =IFERROR(L76/M76*1000,0) -> 1085.9756 | Q76: =IF(F76=0,0,IF(F76<120,0.2,IF(F76>200,0.1,0.15))) -> 0.2 | R76: =G76*(1+Q76) -> 10.716 | S76: =IFERROR(SUM($G$8:G76)/$G$6,0) -> 0.59601028 | T76: =IF(S76<=0.5,"A",IF(S76<=0.84,"B","C")) -> B | U76: 821 | V76: =U76-M76 -> 1 | W76: 46247 | X76: 46247 | Y76: 0 | Z76: =Y76*O76/1000 -> 0 | AA76: =Z76/28 -> 0 | AB76: 177 | AC76: =IFERROR(INDEX(IMP_TOT,MATCH(D76,IMP_MOD,0)),0) -> 161 | AD76: =IFERROR(INDEX(REP_TOT,MATCH(D76,REP_MOD,0)),0) -> 7 | AE76: =IFERROR(INDEX(IMP_NT,MATCH(D76,IMP_MOD,0)),0) -> 18 | AF76: =IFERROR(AE76/TIENDAS,0) -> 0.36 | AG76: 1 | AH76: 8 | AI76: =IFERROR(AC76/M76,0) -> 0.19634146 | AJ76: =IFERROR(AD76/M76,0) -> 0.0085365854 | AK76: =AC76*O76/1000 -> 1.7533293 | AL76: 644 | AM76: =AL76*O76/1000 -> 7.0133171 | AN76: =IFERROR(AL76/U76,0) -> 0.78440926 | AO76: =M76-AB76 -> 643 | AP76: =AO76*O76/1000 -> 7.0024268 | AQ76: =IFERROR((AC76+AD76)/M76,0) -> 0.20487805 | AR76: 46268 | AS76: 46268 | AT76: =IF(OR(W76="",AS76=""),"",AS76-W76) -> 21 | AU76: =IF(M76=0,"",RANK(M76,$M$8:$M$474)) -> 228 | AV76: =IF(AB76=0,"",RANK(AB76,$AB$8:$AB$474)) -> 381 | AW76: =IF(OR(AU76="",AV76=""),"",AU76-AV76) -> -153
A77: HOMBRE | B77: CHAQUETA HOMBRE | C77: CAZADORA | D77: 2621JA10 | E77: =COUNTIF('Detalle por artículo'!$K$8:$K$592,D77) -> 1 | F77: =IFERROR(L77/G77,0) -> 226.48148 | G77: =SUMIF('Detalle por artículo'!$K$8:$K$592,$D77,'Detalle por artículo'!$E$8:$E$592) -> 8.64 | H77: =ROUNDUP(G77/1.54,0) -> 6 | I77: =ROUNDUP(G77/0.77,0) -> 12 | J77: =ROUNDUP(G77/0.385,0) -> 23 | K77: =G77/28 -> 0.30857143 | L77: =SUMIF('Detalle por artículo'!$K$8:$K$592,$D77,'Detalle por artículo'!$O$8:$O$592) -> 1956.8 | M77: =SUMIF('Detalle por artículo'!$K$8:$K$592,$D77,'Detalle por artículo'!$I$8:$I$592) -> 1785 | N77: =SUMIF('Detalle por artículo'!$K$8:$K$592,$D77,'Detalle por artículo'!$M$8:$M$592) -> 90 | O77: =IFERROR(G77/M77*1000,0) -> 4.8403361 | P77: =IFERROR(L77/M77*1000,0) -> 1096.2465 | Q77: =IF(F77=0,0,IF(F77<120,0.2,IF(F77>200,0.1,0.15))) -> 0.1 | R77: =G77*(1+Q77) -> 9.504 | S77: =IFERROR(SUM($G$8:G77)/$G$6,0) -> 0.59918516 | T77: =IF(S77<=0.5,"A",IF(S77<=0.84,"B","C")) -> B | U77: 1791 | V77: =U77-M77 -> 6 | W77: 46281 | X77: 46281 | Y77: 0 | Z77: =Y77*O77/1000 -> 0 | AA77: =Z77/28 -> 0 | AB77: 1097 | AC77: =IFERROR(INDEX(IMP_TOT,MATCH(D77,IMP_MOD,0)),0) -> 642 | AD77: =IFERROR(INDEX(REP_TOT,MATCH(D77,REP_MOD,0)),0) -> 431 | AE77: =IFERROR(INDEX(IMP_NT,MATCH(D77,IMP_MOD,0)),0) -> 48 | AF77: =IFERROR(AE77/TIENDAS,0) -> 0.96 | AG77: 6 | AH77: 18 | AI77: =IFERROR(AC77/M77,0) -> 0.35966387 | AJ77: =IFERROR(AD77/M77,0) -> 0.24145658 | AK77: =AC77*O77/1000 -> 3.1074958 | AL77: 691 | AM77: =AL77*O77/1000 -> 3.3446723 | AN77: =IFERROR(AL77/U77,0) -> 0.38581798 | AO77: =M77-AB77 -> 688 | AP77: =AO77*O77/1000 -> 3.3301513 | AQ77: =IFERROR((AC77+AD77)/M77,0) -> 0.60112045 | AR77: 46281 | AS77: 46282 | AT77: =IF(OR(W77="",AS77=""),"",AS77-W77) -> 1 | AU77: =IF(M77=0,"",RANK(M77,$M$8:$M$474)) -> 61 | AV77: =IF(AB77=0,"",RANK(AB77,$AB$8:$AB$474)) -> 57 | AW77: =IF(OR(AU77="",AV77=""),"",AU77-AV77) -> 4
A78: HOMBRE | B78: TRICOT HOMBRE | C78: JERSEY HIGH NECK | D78: 2621TR30 | E78: =COUNTIF('Detalle por artículo'!$K$8:$K$592,D78) -> 2 | F78: =IFERROR(L78/G78,0) -> 146.97917 | G78: =SUMIF('Detalle por artículo'!$K$8:$K$592,$D78,'Detalle por artículo'!$E$8:$E$592) -> 8.64 | H78: =ROUNDUP(G78/1.54,0) -> 6 | I78: =ROUNDUP(G78/0.77,0) -> 12 | J78: =ROUNDUP(G78/0.385,0) -> 23 | K78: =G78/28 -> 0.30857143 | L78: =SUMIF('Detalle por artículo'!$K$8:$K$592,$D78,'Detalle por artículo'!$O$8:$O$592) -> 1269.9 | M78: =SUMIF('Detalle por artículo'!$K$8:$K$592,$D78,'Detalle por artículo'!$I$8:$I$592) -> 1879 | N78: =SUMIF('Detalle por artículo'!$K$8:$K$592,$D78,'Detalle por artículo'!$M$8:$M$592) -> 94 | O78: =IFERROR(G78/M78*1000,0) -> 4.5981905 | P78: =IFERROR(L78/M78*1000,0) -> 675.83821 | Q78: =IF(F78=0,0,IF(F78<120,0.2,IF(F78>200,0.1,0.15))) -> 0.15 | R78: =G78*(1+Q78) -> 9.936 | S78: =IFERROR(SUM($G$8:G78)/$G$6,0) -> 0.60236005 | T78: =IF(S78<=0.5,"A",IF(S78<=0.84,"B","C")) -> B | U78: 1880 | V78: =U78-M78 -> 1 | W78: 46238 | X78: 46289 | Y78: 22 | Z78: =Y78*O78/1000 -> 0.10116019 | AA78: =Z78/28 -> 0.003612864 | AB78: 68 | AC78: =IFERROR(INDEX(IMP_TOT,MATCH(D78,IMP_MOD,0)),0) -> 45 | AD78: =IFERROR(INDEX(REP_TOT,MATCH(D78,REP_MOD,0)),0) -> 1 | AE78: =IFERROR(INDEX(IMP_NT,MATCH(D78,IMP_MOD,0)),0) -> 0 | AF78: =IFERROR(AE78/TIENDAS,0) -> 0 | AG78: 8 | AH78: 14 | AI78: =IFERROR(AC78/M78,0) -> 0.023948909 | AJ78: =IFERROR(AD78/M78,0) -> 0.00053219798 | AK78: =AC78*O78/1000 -> 0.20691857 | AL78: 1812 | AM78: =AL78*O78/1000 -> 8.3319212 | AN78: =IFERROR(AL78/U78,0) -> 0.96382979 | AO78: =M78-AB78 -> 1811 | AP78: =AO78*O78/1000 -> 8.327323 | AQ78: =IFERROR((AC78+AD78)/M78,0) -> 0.024481107 | AR78: 46281 | AS78: 46283 | AT78: =IF(OR(W78="",AS78=""),"",AS78-W78) -> 45 | AU78: =IF(M78=0,"",RANK(M78,$M$8:$M$474)) -> 48 | AV78: =IF(AB78=0,"",RANK(AB78,$AB$8:$AB$474)) -> 393 | AW78: =IF(OR(AU78="",AV78=""),"",AU78-AV78) -> -345
A79: HOMBRE | B79: CHAQUETA HOMBRE | C79: PLUMIFERO | D79: 2621JA27 | E79: =COUNTIF('Detalle por artículo'!$K$8:$K$592,D79) -> 1 | F79: =IFERROR(L79/G79,0) -> 113.92226 | G79: =SUMIF('Detalle por artículo'!$K$8:$K$592,$D79,'Detalle por artículo'!$E$8:$E$592) -> 8.49 | H79: =ROUNDUP(G79/1.54,0) -> 6 | I79: =ROUNDUP(G79/0.77,0) -> 12 | J79: =ROUNDUP(G79/0.385,0) -> 23 | K79: =G79/28 -> 0.30321429 | L79: =SUMIF('Detalle por artículo'!$K$8:$K$592,$D79,'Detalle por artículo'!$O$8:$O$592) -> 967.2 | M79: =SUMIF('Detalle por artículo'!$K$8:$K$592,$D79,'Detalle por artículo'!$I$8:$I$592) -> 776 | N79: =SUMIF('Detalle por artículo'!$K$8:$K$592,$D79,'Detalle por artículo'!$M$8:$M$592) -> 77 | O79: =IFERROR(G79/M79*1000,0) -> 10.940722 | P79: =IFERROR(L79/M79*1000,0) -> 1246.3918 | Q79: =IF(F79=0,0,IF(F79<120,0.2,IF(F79>200,0.1,0.15))) -> 0.2 | R79: =G79*(1+Q79) -> 10.188 | S79: =IFERROR(SUM($G$8:G79)/$G$6,0) -> 0.60547982 | T79: =IF(S79<=0.5,"A",IF(S79<=0.84,"B","C")) -> B | U79: 776 | V79: =U79-M79 -> 0 | W79: 46302 | X79: 46302 | Y79: 0 | Z79: =Y79*O79/1000 -> 0 | AA79: =Z79/28 -> 0 | AB79: 485 | AC79: =IFERROR(INDEX(IMP_TOT,MATCH(D79,IMP_MOD,0)),0) -> 448 | AD79: =IFERROR(INDEX(REP_TOT,MATCH(D79,REP_MOD,0)),0) -> 35 | AE79: =IFERROR(INDEX(IMP_NT,MATCH(D79,IMP_MOD,0)),0) -> 48 | AF79: =IFERROR(AE79/TIENDAS,0) -> 0.96 | AG79: 2 | AH79: 0 | AI79: =IFERROR(AC79/M79,0) -> 0.57731959 | AJ79: =IFERROR(AD79/M79,0) -> 0.045103093 | AK79: =AC79*O79/1000 -> 4.9014433 | AL79: 291 | AM79: =AL79*O79/1000 -> 3.18375 | AN79: =IFERROR(AL79/U79,0) -> 0.375 | AO79: =M79-AB79 -> 291 | AP79: =AO79*O79/1000 -> 3.18375 | AQ79: =IFERROR((AC79+AD79)/M79,0) -> 0.62242268 | AR79: 46303 | AS79: 46304 | AT79: =IF(OR(W79="",AS79=""),"",AS79-W79) -> 2 | AU79: =IF(M79=0,"",RANK(M79,$M$8:$M$474)) -> 260 | AV79: =IF(AB79=0,"",RANK(AB79,$AB$8:$AB$474)) -> 280 | AW79: =IF(OR(AU79="",AV79=""),"",AU79-AV79) -> -20
A80: HOMBRE | B80: SUDADERA HOMBRE | C80: HOODIE | D80: 2621SU04 | E80: =COUNTIF('Detalle por artículo'!$K$8:$K$592,D80) -> 1 | F80: =IFERROR(L80/G80,0) -> 135.60427 | G80: =SUMIF('Detalle por artículo'!$K$8:$K$592,$D80,'Detalle por artículo'!$E$8:$E$592) -> 8.44 | H80: =ROUNDUP(G80/1.54,0) -> 6 | I80: =ROUNDUP(G80/0.77,0) -> 11 | J80: =ROUNDUP(G80/0.385,0) -> 22 | K80: =G80/28 -> 0.30142857 | L80: =SUMIF('Detalle por artículo'!$K$8:$K$592,$D80,'Detalle por artículo'!$O$8:$O$592) -> 1144.5 | M80: =SUMIF('Detalle por artículo'!$K$8:$K$592,$D80,'Detalle por artículo'!$I$8:$I$592) -> 1836 | N80: =SUMIF('Detalle por artículo'!$K$8:$K$592,$D80,'Detalle por artículo'!$M$8:$M$592) -> 81 | O80: =IFERROR(G80/M80*1000,0) -> 4.5969499 | P80: =IFERROR(L80/M80*1000,0) -> 623.36601 | Q80: =IF(F80=0,0,IF(F80<120,0.2,IF(F80>200,0.1,0.15))) -> 0.15 | R80: =G80*(1+Q80) -> 9.706 | S80: =IFERROR(SUM($G$8:G80)/$G$6,0) -> 0.60858121 | T80: =IF(S80<=0.5,"A",IF(S80<=0.84,"B","C")) -> B | U80: 1836 | V80: =U80-M80 -> 0 | W80: 46237 | X80: 46237 | Y80: 13 | Z80: =Y80*O80/1000 -> 0.059760349 | AA80: =Z80/28 -> 0.0021342982 | AB80: 1172 | AC80: =IFERROR(INDEX(IMP_TOT,MATCH(D80,IMP_MOD,0)),0) -> 721 | AD80: =IFERROR(INDEX(REP_TOT,MATCH(D80,REP_MOD,0)),0) -> 432 | AE80: =IFERROR(INDEX(IMP_NT,MATCH(D80,IMP_MOD,0)),0) -> 49 | AF80: =IFERROR(AE80/TIENDAS,0) -> 0.98 | AG80: 7 | AH80: 14 | AI80: =IFERROR(AC80/M80,0) -> 0.39270153 | AJ80: =IFERROR(AD80/M80,0) -> 0.23529412 | AK80: =AC80*O80/1000 -> 3.3144009 | AL80: 664 | AM80: =AL80*O80/1000 -> 3.0523747 | AN80: =IFERROR(AL80/U80,0) -> 0.36165577 | AO80: =M80-AB80 -> 664 | AP80: =AO80*O80/1000 -> 3.0523747 | AQ80: =IFERROR((AC80+AD80)/M80,0) -> 0.62799564 | AR80: 46254 | AS80: 46255 | AT80: =IF(OR(W80="",AS80=""),"",AS80-W80) -> 18 | AU80: =IF(M80=0,"",RANK(M80,$M$8:$M$474)) -> 52 | AV80: =IF(AB80=0,"",RANK(AB80,$AB$8:$AB$474)) -> 51 | AW80: =IF(OR(AU80="",AV80=""),"",AU80-AV80) -> 1
A81: MUJER | B81: CHAQUETA MUJER | C81: CAZADORA | D81: 2622JA30 | E81: =COUNTIF('Detalle por artículo'!$K$8:$K$592,D81) -> 1 | F81: =IFERROR(L81/G81,0) -> 117.64847 | G81: =SUMIF('Detalle por artículo'!$K$8:$K$592,$D81,'Detalle por artículo'!$E$8:$E$592) -> 8.352 | H81: =ROUNDUP(G81/1.54,0) -> 6 | I81: =ROUNDUP(G81/0.77,0) -> 11 | J81: =ROUNDUP(G81/0.385,0) -> 22 | K81: =G81/28 -> 0.29828571 | L81: =SUMIF('Detalle por artículo'!$K$8:$K$592,$D81,'Detalle por artículo'!$O$8:$O$592) -> 982.6 | M81: =SUMIF('Detalle por artículo'!$K$8:$K$592,$D81,'Detalle por artículo'!$I$8:$I$592) -> 760 | N81: =SUMIF('Detalle por artículo'!$K$8:$K$592,$D81,'Detalle por artículo'!$M$8:$M$592) -> 76 | O81: =IFERROR(G81/M81*1000,0) -> 10.989474 | P81: =IFERROR(L81/M81*1000,0) -> 1292.8947 | Q81: =IF(F81=0,0,IF(F81<120,0.2,IF(F81>200,0.1,0.15))) -> 0.2 | R81: =G81*(1+Q81) -> 10.0224 | S81: =IFERROR(SUM($G$8:G81)/$G$6,0) -> 0.61165027 | T81: =IF(S81<=0.5,"A",IF(S81<=0.84,"B","C")) -> B | U81: 760 | V81: =U81-M81 -> 0 | W81: 46286 | X81: 46286 | Y81: 0 | Z81: =Y81*O81/1000 -> 0 | AA81: =Z81/28 -> 0 | AB81: 45 | AC81: =IFERROR(INDEX(IMP_TOT,MATCH(D81,IMP_MOD,0)),0) -> 38 | AD81: =IFERROR(INDEX(REP_TOT,MATCH(D81,REP_MOD,0)),0) -> 0 | AE81: =IFERROR(INDEX(IMP_NT,MATCH(D81,IMP_MOD,0)),0) -> 1 | AF81: =IFERROR(AE81/TIENDAS,0) -> 0.02 | AG81: 7 | AH81: 0 | AI81: =IFERROR(AC81/M81,0) -> 0.05 | AJ81: =IFERROR(AD81/M81,0) -> 0 | AK81: =AC81*O81/1000 -> 0.4176 | AL81: 715 | AM81: =AL81*O81/1000 -> 7.8574737 | AN81: =IFERROR(AL81/U81,0) -> 0.94078947 | AO81: =M81-AB81 -> 715 | AP81: =AO81*O81/1000 -> 7.8574737 | AQ81: =IFERROR((AC81+AD81)/M81,0) -> 0.05 | AR81: 46293 | AS81: 46294 | AT81: =IF(OR(W81="",AS81=""),"",AS81-W81) -> 8 | AU81: =IF(M81=0,"",RANK(M81,$M$8:$M$474)) -> 269 | AV81: =IF(AB81=0,"",RANK(AB81,$AB$8:$AB$474)) -> 400 | AW81: =IF(OR(AU81="",AV81=""),"",AU81-AV81) -> -131
A82: HOMBRE | B82: CHAQUETA HOMBRE | C82: CAZADORA | D82: 2621JA45 | E82: =COUNTIF('Detalle por artículo'!$K$8:$K$592,D82) -> 2 | F82: =IFERROR(L82/G82,0) -> 156.9205 | G82: =SUMIF('Detalle por artículo'!$K$8:$K$592,$D82,'Detalle por artículo'!$E$8:$E$592) -> 8.352 | H82: =ROUNDUP(G82/1.54,0) -> 6 | I82: =ROUNDUP(G82/0.77,0) -> 11 | J82: =ROUNDUP(G82/0.385,0) -> 22 | K82: =G82/28 -> 0.29828571 | L82: =SUMIF('Detalle por artículo'!$K$8:$K$592,$D82,'Detalle por artículo'!$O$8:$O$592) -> 1310.6 | M82: =SUMIF('Detalle por artículo'!$K$8:$K$592,$D82,'Detalle por artículo'!$I$8:$I$592) -> 1711 | N82: =SUMIF('Detalle por artículo'!$K$8:$K$592,$D82,'Detalle por artículo'!$M$8:$M$592) -> 87 | O82: =IFERROR(G82/M82*1000,0) -> 4.8813559 | P82: =IFERROR(L82/M82*1000,0) -> 765.9848 | Q82: =IF(F82=0,0,IF(F82<120,0.2,IF(F82>200,0.1,0.15))) -> 0.15 | R82: =G82*(1+Q82) -> 9.6048 | S82: =IFERROR(SUM($G$8:G82)/$G$6,0) -> 0.61471933 | T82: =IF(S82<=0.5,"A",IF(S82<=0.84,"B","C")) -> B | U82: 1711 | V82: =U82-M82 -> 0 | W82: 46281 | X82: 46309 | Y82: 0 | Z82: =Y82*O82/1000 -> 0 | AA82: =Z82/28 -> 0 | AB82: 1093 | AC82: =IFERROR(INDEX(IMP_TOT,MATCH(D82,IMP_MOD,0)),0) -> 422 | AD82: =IFERROR(INDEX(REP_TOT,MATCH(D82,REP_MOD,0)),0) -> 662 | AE82: =IFERROR(INDEX(IMP_NT,MATCH(D82,IMP_MOD,0)),0) -> 49 | AF82: =IFERROR(AE82/TIENDAS,0) -> 0.98 | AG82: 1 | AH82: 8 | AI82: =IFERROR(AC82/M82,0) -> 0.24663939 | AJ82: =IFERROR(AD82/M82,0) -> 0.38690824 | AK82: =AC82*O82/1000 -> 2.0599322 | AL82: 617 | AM82: =AL82*O82/1000 -> 3.0117966 | AN82: =IFERROR(AL82/U82,0) -> 0.36060783 | AO82: =M82-AB82 -> 618 | AP82: =AO82*O82/1000 -> 3.016678 | AQ82: =IFERROR((AC82+AD82)/M82,0) -> 0.63354763 | AR82: 46281 | AS82: 46282 | AT82: =IF(OR(W82="",AS82=""),"",AS82-W82) -> 1 | AU82: =IF(M82=0,"",RANK(M82,$M$8:$M$474)) -> 65 | AV82: =IF(AB82=0,"",RANK(AB82,$AB$8:$AB$474)) -> 59 | AW82: =IF(OR(AU82="",AV82=""),"",AU82-AV82) -> 6
... A106: HOMBRE | B106: CHAQUETA HOMBRE | C106: CAZADORA | D106: 2621JA06 | E106: =COUNTIF('Detalle por artículo'!$K$8:$K$592,D106) -> 1 | F106: =IFERROR(L106/G106,0) -> 150.46656 | G106: =SUMIF('Detalle por artículo'!$K$8:$K$592,$D106,'Detalle por artículo'!$E$8:$E$592) -> 6.43 | H106: =ROUNDUP(G106/1.54,0) -> 5 | I106: =ROUNDUP(G106/0.77,0) -> 9 | J106: =ROUNDUP(G106/0.385,0) -> 17 | K106: =G106/28 -> 0.22964286 | L106: =SUMIF('Detalle por artículo'!$K$8:$K$592,$D106,'Detalle por artículo'!$O$8:$O$592) -> 967.5 | M106: =SUMIF('Detalle por artículo'!$K$8:$K$592,$D106,'Detalle por artículo'!$I$8:$I$592) -> 791 | N106: =SUMIF('Detalle por artículo'!$K$8:$K$592,$D106,'Detalle por artículo'!$M$8:$M$592) -> 67 | O106: =IFERROR(G106/M106*1000,0) -> 8.1289507 | P106: =IFERROR(L106/M106*1000,0) -> 1223.1353 | Q106: =IF(F106=0,0,IF(F106<120,0.2,IF(F106>200,0.1,0.15))) -> 0.15 | R106: =G106*(1+Q106) -> 7.3945 | S106: =IFERROR(SUM($G$8:G106)/$G$6,0) -> 0.67946277 | T106: =IF(S106<=0.5,"A",IF(S106<=0.84,"B","C")) -> B | U106: 791 | V106: =U106-M106 -> 0 | W106: 46216 | X106: 46216 | Y106: 0 | Z106: =Y106*O106/1000 -> 0 | AA106: =Z106/28 -> 0 | AB106: 686 | AC106: =IFERROR(INDEX(IMP_TOT,MATCH(D106,IMP_MOD,0)),0) -> 450 | AD106: =IFERROR(INDEX(REP_TOT,MATCH(D106,REP_MOD,0)),0) -> 227 | AE106: =IFERROR(INDEX(IMP_NT,MATCH(D106,IMP_MOD,0)),0) -> 47 | AF106: =IFERROR(AE106/TIENDAS,0) -> 0.94 | AG106: 1 | AH106: 8 | AI106: =IFERROR(AC106/M106,0) -> 0.56890013 | AJ106: =IFERROR(AD106/M106,0) -> 0.28697851 | AK106: =AC106*O106/1000 -> 3.6580278 | AL106: 102 | AM106: =AL106*O106/1000 -> 0.82915297 | AN106: =IFERROR(AL106/U106,0) -> 0.1289507 | AO106: =M106-AB106 -> 105 | AP106: =AO106*O106/1000 -> 0.85353982 | AQ106: =IFERROR((AC106+AD106)/M106,0) -> 0.85587863 | AR106: 46219 | AS106: 46219 | AT106: =IF(OR(W106="",AS106=""),"",AS106-W106) -> 3 | AU106: =IF(M106=0,"",RANK(M106,$M$8:$M$474)) -> 249 | AV106: =IF(AB106=0,"",RANK(AB106,$AB$8:$AB$474)) -> 130 | AW106: =IF(OR(AU106="",AV106=""),"",AU106-AV106) -> 119
A107: HOMBRE | B107: CHAQUETA HOMBRE | C107: CAZADORA | D107: 2711JA08 | E107: =COUNTIF('Detalle por artículo'!$K$8:$K$592,D107) -> 1 | F107: =IFERROR(L107/G107,0) -> 199.40625 | G107: =SUMIF('Detalle por artículo'!$K$8:$K$592,$D107,'Detalle por artículo'!$E$8:$E$592) -> 6.4 | H107: =ROUNDUP(G107/1.54,0) -> 5 | I107: =ROUNDUP(G107/0.77,0) -> 9 | J107: =ROUNDUP(G107/0.385,0) -> 17 | K107: =G107/28 -> 0.22857143 | L107: =SUMIF('Detalle por artículo'!$K$8:$K$592,$D107,'Detalle por artículo'!$O$8:$O$592) -> 1276.2 | M107: =SUMIF('Detalle por artículo'!$K$8:$K$592,$D107,'Detalle por artículo'!$I$8:$I$592) -> 1048 | N107: =SUMIF('Detalle por artículo'!$K$8:$K$592,$D107,'Detalle por artículo'!$M$8:$M$592) -> 59 | O107: =IFERROR(G107/M107*1000,0) -> 6.1068702 | P107: =IFERROR(L107/M107*1000,0) -> 1217.7481 | Q107: =IF(F107=0,0,IF(F107<120,0.2,IF(F107>200,0.1,0.15))) -> 0.15 | R107: =G107*(1+Q107) -> 7.36 | S107: =IFERROR(SUM($G$8:G107)/$G$6,0) -> 0.68181454 | T107: =IF(S107<=0.5,"A",IF(S107<=0.84,"B","C")) -> B | U107: 0 | V107: =U107-M107 -> -1048 | Y107: 1048 | Z107: =Y107*O107/1000 -> 6.4 | AA107: =Z107/28 -> 0.22857143 | AB107: 0 | AC107: =IFERROR(INDEX(IMP_TOT,MATCH(D107,IMP_MOD,0)),0) -> 0 | AD107: =IFERROR(INDEX(REP_TOT,MATCH(D107,REP_MOD,0)),0) -> 0 | AE107: =IFERROR(INDEX(IMP_NT,MATCH(D107,IMP_MOD,0)),0) -> 0 | AF107: =IFERROR(AE107/TIENDAS,0) -> 0 | AG107: 0 | AH107: 0 | AI107: =IFERROR(AC107/M107,0) -> 0 | AJ107: =IFERROR(AD107/M107,0) -> 0 | AK107: =AC107*O107/1000 -> 0 | AL107: 0 | AM107: =AL107*O107/1000 -> 0 | AN107: =IFERROR(AL107/U107,0) -> 0 | AO107: =M107-AB107 -> 1048 | AP107: =AO107*O107/1000 -> 6.4 | AQ107: =IFERROR((AC107+AD107)/M107,0) -> 0 | AT107: =IF(OR(W107="",AS107=""),"",AS107-W107) | AU107: =IF(M107=0,"",RANK(M107,$M$8:$M$474)) -> 161 | AV107: =IF(AB107=0,"",RANK(AB107,$AB$8:$AB$474)) | AW107: =IF(OR(AU107="",AV107=""),"",AU107-AV107)
A108: MUJER | B108: SUDADERA MUJER | C108: HOODIE | D108: 2622SU07 | E108: =COUNTIF('Detalle por artículo'!$K$8:$K$592,D108) -> 1 | F108: =IFERROR(L108/G108,0) -> 158.33333 | G108: =SUMIF('Detalle por artículo'!$K$8:$K$592,$D108,'Detalle por artículo'!$E$8:$E$592) -> 6.336 | H108: =ROUNDUP(G108/1.54,0) -> 5 | I108: =ROUNDUP(G108/0.77,0) -> 9 | J108: =ROUNDUP(G108/0.385,0) -> 17 | K108: =G108/28 -> 0.22628571 | L108: =SUMIF('Detalle por artículo'!$K$8:$K$592,$D108,'Detalle por artículo'!$O$8:$O$592) -> 1003.2 | M108: =SUMIF('Detalle por artículo'!$K$8:$K$592,$D108,'Detalle por artículo'!$I$8:$I$592) -> 1089 | N108: =SUMIF('Detalle por artículo'!$K$8:$K$592,$D108,'Detalle por artículo'!$M$8:$M$592) -> 66 | O108: =IFERROR(G108/M108*1000,0) -> 5.8181818 | P108: =IFERROR(L108/M108*1000,0) -> 921.21212 | Q108: =IF(F108=0,0,IF(F108<120,0.2,IF(F108>200,0.1,0.15))) -> 0.15 | R108: =G108*(1+Q108) -> 7.2864 | S108: =IFERROR(SUM($G$8:G108)/$G$6,0) -> 0.68414279 | T108: =IF(S108<=0.5,"A",IF(S108<=0.84,"B","C")) -> B | U108: 1089 | V108: =U108-M108 -> 0 | W108: 46217 | X108: 46217 | Y108: 0 | Z108: =Y108*O108/1000 -> 0 | AA108: =Z108/28 -> 0 | AB108: 1087 | AC108: =IFERROR(INDEX(IMP_TOT,MATCH(D108,IMP_MOD,0)),0) -> 562 | AD108: =IFERROR(INDEX(REP_TOT,MATCH(D108,REP_MOD,0)),0) -> 498 | AE108: =IFERROR(INDEX(IMP_NT,MATCH(D108,IMP_MOD,0)),0) -> 47 | AF108: =IFERROR(AE108/TIENDAS,0) -> 0.94 | AG108: 13 | AH108: 14 | AI108: =IFERROR(AC108/M108,0) -> 0.51606979 | AJ108: =IFERROR(AD108/M108,0) -> 0.45730028 | AK108: =AC108*O108/1000 -> 3.2698182 | AL108: 0 | AM108: =AL108*O108/1000 -> 0 | AN108: =IFERROR(AL108/U108,0) -> 0 | AO108: =M108-AB108 -> 2 | AP108: =AO108*O108/1000 -> 0.011636364 | AQ108: =IFERROR((AC108+AD108)/M108,0) -> 0.97337006 | AR108: 46233 | AS108: 46234 | AT108: =IF(OR(W108="",AS108=""),"",AS108-W108) -> 17 | AU108: =IF(M108=0,"",RANK(M108,$M$8:$M$474)) -> 151 | AV108: =IF(AB108=0,"",RANK(AB108,$AB$8:$AB$474)) -> 60 | AW108: =IF(OR(AU108="",AV108=""),"",AU108-AV108) -> 91
A109: MUJER | B109: CHAQUETA MUJER | C109: CAZADORA | D109: 2622JA26 | E109: =COUNTIF('Detalle por artículo'!$K$8:$K$592,D109) -> 1 | F109: =IFERROR(L109/G109,0) -> -15.809524 | G109: =SUMIF('Detalle por artículo'!$K$8:$K$592,$D109,'Detalle por artículo'!$E$8:$E$592) -> 6.3 | H109: =ROUNDUP(G109/1.54,0) -> 5 | I109: =ROUNDUP(G109/0.77,0) -> 9 | J109: =ROUNDUP(G109/0.385,0) -> 17 | K109: =G109/28 -> 0.225 | L109: =SUMIF('Detalle por artículo'!$K$8:$K$592,$D109,'Detalle por artículo'!$O$8:$O$592) -> -99.6 | M109: =SUMIF('Detalle por artículo'!$K$8:$K$592,$D109,'Detalle por artículo'!$I$8:$I$592) -> 747 | N109: =SUMIF('Detalle por artículo'!$K$8:$K$592,$D109,'Detalle por artículo'!$M$8:$M$592) -> 83 | O109: =IFERROR(G109/M109*1000,0) -> 8.4337349 | P109: =IFERROR(L109/M109*1000,0) -> -133.33333 | Q109: =IF(F109=0,0,IF(F109<120,0.2,IF(F109>200,0.1,0.15))) -> 0.2 | R109: =G109*(1+Q109) -> 7.56 | S109: =IFERROR(SUM($G$8:G109)/$G$6,0) -> 0.68645781 | T109: =IF(S109<=0.5,"A",IF(S109<=0.84,"B","C")) -> B | U109: 747 | V109: =U109-M109 -> 0 | W109: 46246 | X109: 46246 | Y109: 0 | Z109: =Y109*O109/1000 -> 0 | AA109: =Z109/28 -> 0 | AB109: 469 | AC109: =IFERROR(INDEX(IMP_TOT,MATCH(D109,IMP_MOD,0)),0) -> 409 | AD109: =IFERROR(INDEX(REP_TOT,MATCH(D109,REP_MOD,0)),0) -> 50 | AE109: =IFERROR(INDEX(IMP_NT,MATCH(D109,IMP_MOD,0)),0) -> 47 | AF109: =IFERROR(AE109/TIENDAS,0) -> 0.94 | AG109: 2 | AH109: 8 | AI109: =IFERROR(AC109/M109,0) -> 0.54752343 | AJ109: =IFERROR(AD109/M109,0) -> 0.066934404 | AK109: =AC109*O109/1000 -> 3.4493976 | AL109: 278 | AM109: =AL109*O109/1000 -> 2.3445783 | AN109: =IFERROR(AL109/U109,0) -> 0.37215529 | AO109: =M109-AB109 -> 278 | AP109: =AO109*O109/1000 -> 2.3445783 | AQ109: =IFERROR((AC109+AD109)/M109,0) -> 0.61445783 | AR109: 46268 | AS109: 46268 | AT109: =IF(OR(W109="",AS109=""),"",AS109-W109) -> 22 | AU109: =IF(M109=0,"",RANK(M109,$M$8:$M$474)) -> 285 | AV109: =IF(AB109=0,"",RANK(AB109,$AB$8:$AB$474)) -> 292 | AW109: =IF(OR(AU109="",AV109=""),"",AU109-AV109) -> -7
A110: MUJER | B110: CHAQUETA MUJER | C110: PLUMIFERO | D110: 2622JA61 | E110: =COUNTIF('Detalle por artículo'!$K$8:$K$592,D110) -> 1 | F110: =IFERROR(L110/G110,0) -> 128.77617 | G110: =SUMIF('Detalle por artículo'!$K$8:$K$592,$D110,'Detalle por artículo'!$E$8:$E$592) -> 6.21 | H110: =ROUNDUP(G110/1.54,0) -> 5 | I110: =ROUNDUP(G110/0.77,0) -> 9 | J110: =ROUNDUP(G110/0.385,0) -> 17 | K110: =G110/28 -> 0.22178571 | L110: =SUMIF('Detalle por artículo'!$K$8:$K$592,$D110,'Detalle por artículo'!$O$8:$O$592) -> 799.7 | M110: =SUMIF('Detalle por artículo'!$K$8:$K$592,$D110,'Detalle por artículo'!$I$8:$I$592) -> 750 | N110: =SUMIF('Detalle por artículo'!$K$8:$K$592,$D110,'Detalle por artículo'!$M$8:$M$592) -> 63 | O110: =IFERROR(G110/M110*1000,0) -> 8.28 | P110: =IFERROR(L110/M110*1000,0) -> 1066.2667 | Q110: =IF(F110=0,0,IF(F110<120,0.2,IF(F110>200,0.1,0.15))) -> 0.15 | R110: =G110*(1+Q110) -> 7.1415 | S110: =IFERROR(SUM($G$8:G110)/$G$6,0) -> 0.68873976 | T110: =IF(S110<=0.5,"A",IF(S110<=0.84,"B","C")) -> B | U110: 750 | V110: =U110-M110 -> 0 | W110: 46289 | X110: 46289 | Y110: 0 | Z110: =Y110*O110/1000 -> 0 | AA110: =Z110/28 -> 0 | AB110: 44 | AC110: =IFERROR(INDEX(IMP_TOT,MATCH(D110,IMP_MOD,0)),0) -> 38 | AD110: =IFERROR(INDEX(REP_TOT,MATCH(D110,REP_MOD,0)),0) -> 1 | AE110: =IFERROR(INDEX(IMP_NT,MATCH(D110,IMP_MOD,0)),0) -> 1 | AF110: =IFERROR(AE110/TIENDAS,0) -> 0.02 | AG110: 5 | AH110: 0 | AI110: =IFERROR(AC110/M110,0) -> 0.050666667 | AJ110: =IFERROR(AD110/M110,0) -> 0.0013333333 | AK110: =AC110*O110/1000 -> 0.31464 | AL110: 706 | AM110: =AL110*O110/1000 -> 5.84568 | AN110: =IFERROR(AL110/U110,0) -> 0.94133333 | AO110: =M110-AB110 -> 706 | AP110: =AO110*O110/1000 -> 5.84568 | AQ110: =IFERROR((AC110+AD110)/M110,0) -> 0.052 | AR110: 46293 | AS110: 46294 | AT110: =IF(OR(W110="",AS110=""),"",AS110-W110) -> 5 | AU110: =IF(M110=0,"",RANK(M110,$M$8:$M$474)) -> 279 | AV110: =IF(AB110=0,"",RANK(AB110,$AB$8:$AB$474)) -> 402 | AW110: =IF(OR(AU110="",AV110=""),"",AU110-AV110) -> -123
D111: 262JA13 | E111: =COUNTIF('Detalle por artículo'!$K$8:$K$592,D111) -> 1 | F111: =IFERROR(L111/G111,0) -> -9.0967742 | G111: =SUMIF('Detalle por artículo'!$K$8:$K$592,$D111,'Detalle por artículo'!$E$8:$E$592) -> 6.2 | H111: =ROUNDUP(G111/1.54,0) -> 5 | I111: =ROUNDUP(G111/0.77,0) -> 9 | J111: =ROUNDUP(G111/0.385,0) -> 17 | K111: =G111/28 -> 0.22142857 | L111: =SUMIF('Detalle por artículo'!$K$8:$K$592,$D111,'Detalle por artículo'!$O$8:$O$592) -> -56.4 | M111: =SUMIF('Detalle por artículo'!$K$8:$K$592,$D111,'Detalle por artículo'!$I$8:$I$592) -> 1239 | N111: =SUMIF('Detalle por artículo'!$K$8:$K$592,$D111,'Detalle por artículo'!$M$8:$M$592) -> 47 | O111: =IFERROR(G111/M111*1000,0) -> 5.0040355 | P111: =IFERROR(L111/M111*1000,0) -> -45.520581 | Q111: =IF(F111=0,0,IF(F111<120,0.2,IF(F111>200,0.1,0.15))) -> 0.2 | R111: =G111*(1+Q111) -> 7.44 | S111: =IFERROR(SUM($G$8:G111)/$G$6,0) -> 0.69101804 | T111: =IF(S111<=0.5,"A",IF(S111<=0.84,"B","C")) -> B | U111: 0 | Y111: 0 | Z111: =Y111*O111/1000 -> 0 | AA111: =Z111/28 -> 0 | AB111: 0 | AC111: =IFERROR(INDEX(IMP_TOT,MATCH(D111,IMP_MOD,0)),0) -> 0 | AD111: =IFERROR(INDEX(REP_TOT,MATCH(D111,REP_MOD,0)),0) -> 0 | AE111: =IFERROR(INDEX(IMP_NT,MATCH(D111,IMP_MOD,0)),0) -> 0 | AF111: =IFERROR(AE111/TIENDAS,0) -> 0 | AG111: 0 | AH111: 0 | AK111: =AC111*O111/1000 -> 0 | AL111: 0 | AM111: =AL111*O111/1000 -> 0 | AU111: =IF(M111=0,"",RANK(M111,$M$8:$M$474)) -> 132
A112: HOMBRE | B112: PANTALON LARGO HOMBRE | C112: JOGGER | D112: 2621PT85 | E112: =COUNTIF('Detalle por artículo'!$K$8:$K$592,D112) -> 2 | F112: =IFERROR(L112/G112,0) -> 177.7451 | G112: =SUMIF('Detalle por artículo'!$K$8:$K$592,$D112,'Detalle por artículo'!$E$8:$E$592) -> 6.12 | H112: =ROUNDUP(G112/1.54,0) -> 4 | I112: =ROUNDUP(G112/0.77,0) -> 8 | J112: =ROUNDUP(G112/0.385,0) -> 16 | K112: =G112/28 -> 0.21857143 | L112: =SUMIF('Detalle por artículo'!$K$8:$K$592,$D112,'Detalle por artículo'!$O$8:$O$592) -> 1087.8 | M112: =SUMIF('Detalle por artículo'!$K$8:$K$592,$D112,'Detalle por artículo'!$I$8:$I$592) -> 2062 | N112: =SUMIF('Detalle por artículo'!$K$8:$K$592,$D112,'Detalle por artículo'!$M$8:$M$592) -> 85 | O112: =IFERROR(G112/M112*1000,0) -> 2.9679922 | P112: =IFERROR(L112/M112*1000,0) -> 527.54607 | Q112: =IF(F112=0,0,IF(F112<120,0.2,IF(F112>200,0.1,0.15))) -> 0.15 | R112: =G112*(1+Q112) -> 7.038 | S112: =IFERROR(SUM($G$8:G112)/$G$6,0) -> 0.69326692 | T112: =IF(S112<=0.5,"A",IF(S112<=0.84,"B","C")) -> B | U112: 2061 | V112: =U112-M112 -> -1 | W112: 46218 | X112: 46218 | Y112: 2 | Z112: =Y112*O112/1000 -> 0.0059359845 | AA112: =Z112/28 -> 0.00021199945 | AB112: 1600 | AC112: =IFERROR(INDEX(IMP_TOT,MATCH(D112,IMP_MOD,0)),0) -> 916 | AD112: =IFERROR(INDEX(REP_TOT,MATCH(D112,REP_MOD,0)),0) -> 678 | AE112: =IFERROR(INDEX(IMP_NT,MATCH(D112,IMP_MOD,0)),0) -> 48 | AF112: =IFERROR(AE112/TIENDAS,0) -> 0.96 | AG112: 6 | AH112: 0 | AI112: =IFERROR(AC112/M112,0) -> 0.4442289 | AJ112: =IFERROR(AD112/M112,0) -> 0.32880698 | AK112: =AC112*O112/1000 -> 2.7186809 | AL112: 460 | AM112: =AL112*O112/1000 -> 1.3652764 | AN112: =IFERROR(AL112/U112,0) -> 0.22319262 | AO112: =M112-AB112 -> 462 | AP112: =AO112*O112/1000 -> 1.3712124 | AQ112: =IFERROR((AC112+AD112)/M112,0) -> 0.77303589 | AR112: 46225 | AS112: 46225 | AT112: =IF(OR(W112="",AS112=""),"",AS112-W112) -> 7 | AU112: =IF(M112=0,"",RANK(M112,$M$8:$M$474)) -> 40 | AV112: =IF(AB112=0,"",RANK(AB112,$AB$8:$AB$474)) -> 19 | AW112: =IF(OR(AU112="",AV112=""),"",AU112-AV112) -> 21
A113: MUJER | B113: TRICOT MUJER | C113: JERSEY | D113: 2622TR08 | E113: =COUNTIF('Detalle por artículo'!$K$8:$K$592,D113) -> 2 | F113: =IFERROR(L113/G113,0) -> 115.6746 | G113: =SUMIF('Detalle por artículo'!$K$8:$K$592,$D113,'Detalle por artículo'!$E$8:$E$592) -> 6.048 | H113: =ROUNDUP(G113/1.54,0) -> 4 | I113: =ROUNDUP(G113/0.77,0) -> 8 | J113: =ROUNDUP(G113/0.385,0) -> 16 | K113: =G113/28 -> 0.216 | L113: =SUMIF('Detalle por artículo'!$K$8:$K$592,$D113,'Detalle por artículo'!$O$8:$O$592) -> 699.6 | M113: =SUMIF('Detalle por artículo'!$K$8:$K$592,$D113,'Detalle por artículo'!$I$8:$I$592) -> 2256 | N113: =SUMIF('Detalle por artículo'!$K$8:$K$592,$D113,'Detalle por artículo'!$M$8:$M$592) -> 63 | O113: =IFERROR(G113/M113*1000,0) -> 2.6808511 | P113: =IFERROR(L113/M113*1000,0) -> 310.10638 | Q113: =IF(F113=0,0,IF(F113<120,0.2,IF(F113>200,0.1,0.15))) -> 0.2 | R113: =G113*(1+Q113) -> 7.2576 | S113: =IFERROR(SUM($G$8:G113)/$G$6,0) -> 0.69548934 | T113: =IF(S113<=0.5,"A",IF(S113<=0.84,"B","C")) -> B | U113: 2256 | V113: =U113-M113 -> 0 | W113: 46260 | X113: 46260 | Y113: 0 | Z113: =Y113*O113/1000 -> 0 | AA113: =Z113/28 -> 0 | AB113: 1012 | AC113: =IFERROR(INDEX(IMP_TOT,MATCH(D113,IMP_MOD,0)),0) -> 728 | AD113: =IFERROR(INDEX(REP_TOT,MATCH(D113,REP_MOD,0)),0) -> 269 | AE113: =IFERROR(INDEX(IMP_NT,MATCH(D113,IMP_MOD,0)),0) -> 48 | AF113: =IFERROR(AE113/TIENDAS,0) -> 0.96 | AG113: 3 | AH113: 14 | AI113: =IFERROR(AC113/M113,0) -> 0.32269504 | AJ113: =IFERROR(AD113/M113,0) -> 0.11923759 | AK113: =AC113*O113/1000 -> 1.9516596 | AL113: 1244 | AM113: =AL113*O113/1000 -> 3.3349787 | AN113: =IFERROR(AL113/U113,0) -> 0.55141844 | AO113: =M113-AB113 -> 1244 | AP113: =AO113*O113/1000 -> 3.3349787 | AQ113: =IFERROR((AC113+AD113)/M113,0) -> 0.44193262 | AR113: 46268 | AS113: 46268 | AT113: =IF(OR(W113="",AS113=""),"",AS113-W113) -> 8 | AU113: =IF(M113=0,"",RANK(M113,$M$8:$M$474)) -> 36 | AV113: =IF(AB113=0,"",RANK(AB113,$AB$8:$AB$474)) -> 65 | AW113: =IF(OR(AU113="",AV113=""),"",AU113-AV113) -> -29
A114: HOMBRE | B114: CHAQUETA HOMBRE | C114: CAZADORA | D114: 2711JA11 | E114: =COUNTIF('Detalle por artículo'!$K$8:$K$592,D114) -> 1 | F114: =IFERROR(L114/G114,0) -> 151.02487 | G114: =SUMIF('Detalle por artículo'!$K$8:$K$592,$D114,'Detalle por artículo'!$E$8:$E$592) -> 5.952 | H114: =ROUNDUP(G114/1.54,0) -> 4 | I114: =ROUNDUP(G114/0.77,0) -> 8 | J114: =ROUNDUP(G114/0.385,0) -> 16 | K114: =G114/28 -> 0.21257143 | L114: =SUMIF('Detalle por artículo'!$K$8:$K$592,$D114,'Detalle por artículo'!$O$8:$O$592) -> 898.9 | M114: =SUMIF('Detalle por artículo'!$K$8:$K$592,$D114,'Detalle por artículo'!$I$8:$I$592) -> 801 | N114: =SUMIF('Detalle por artículo'!$K$8:$K$592,$D114,'Detalle por artículo'!$M$8:$M$592) -> 62 | O114: =IFERROR(G114/M114*1000,0) -> 7.4307116 | P114: =IFERROR(L114/M114*1000,0) -> 1122.2222 | Q114: =IF(F114=0,0,IF(F114<120,0.2,IF(F114>200,0.1,0.15))) -> 0.15 | R114: =G114*(1+Q114) -> 6.8448 | S114: =IFERROR(SUM($G$8:G114)/$G$6,0) -> 0.69767648 | T114: =IF(S114<=0.5,"A",IF(S114<=0.84,"B","C")) -> B | U114: 0 | V114: =U114-M114 -> -801 | Y114: 1657 | Z114: =Y114*O114/1000 -> 12.312689 | AA114: =Z114/28 -> 0.4397389 | AB114: 0 | AC114: =IFERROR(INDEX(IMP_TOT,MATCH(D114,IMP_MOD,0)),0) -> 0 | AD114: =IFERROR(INDEX(REP_TOT,MATCH(D114,REP_MOD,0)),0) -> 0 | AE114: =IFERROR(INDEX(IMP_NT,MATCH(D114,IMP_MOD,0)),0) -> 0 | AF114: =IFERROR(AE114/TIENDAS,0) -> 0 | AG114: 0 | AH114: 0 | AI114: =IFERROR(AC114/M114,0) -> 0 | AJ114: =IFERROR(AD114/M114,0) -> 0 | AK114: =AC114*O114/1000 -> 0 | AL114: 0 | AM114: =AL114*O114/1000 -> 0 | AN114: =IFERROR(AL114/U114,0) -> 0 | AO114: =M114-AB114 -> 801 | AP114: =AO114*O114/1000 -> 5.952 | AQ114: =IFERROR((AC114+AD114)/M114,0) -> 0 | AT114: =IF(OR(W114="",AS114=""),"",AS114-W114) | AU114: =IF(M114=0,"",RANK(M114,$M$8:$M$474)) -> 238 | AV114: =IF(AB114=0,"",RANK(AB114,$AB$8:$AB$474)) | AW114: =IF(OR(AU114="",AV114=""),"",AU114-AV114)
A115: HOMBRE | B115: CHAQUETA HOMBRE | C115: CAZADORA | D115: 2711JA32 | E115: =COUNTIF('Detalle por artículo'!$K$8:$K$592,D115) -> 1 | F115: =IFERROR(L115/G115,0) -> 148.67272 | G115: =SUMIF('Detalle por artículo'!$K$8:$K$592,$D115,'Detalle por artículo'!$E$8:$E$592) -> 5.952 | H115: =ROUNDUP(G115/1.54,0) -> 4 | I115: =ROUNDUP(G115/0.77,0) -> 8 | J115: =ROUNDUP(G115/0.385,0) -> 16 | K115: =G115/28 -> 0.21257143 | L115: =SUMIF('Detalle por artículo'!$K$8:$K$592,$D115,'Detalle por artículo'!$O$8:$O$592) -> 884.9 | M115: =SUMIF('Detalle por artículo'!$K$8:$K$592,$D115,'Detalle por artículo'!$I$8:$I$592) -> 865 | N115: =SUMIF('Detalle por artículo'!$K$8:$K$592,$D115,'Detalle por artículo'!$M$8:$M$592) -> 62 | O115: =IFERROR(G115/M115*1000,0) -> 6.8809249 | P115: =IFERROR(L115/M115*1000,0) -> 1023.0058 | Q115: =IF(F115=0,0,IF(F115<120,0.2,IF(F115>200,0.1,0.15))) -> 0.15 | R115: =G115*(1+Q115) -> 6.8448 | S115: =IFERROR(SUM($G$8:G115)/$G$6,0) -> 0.69986363 | T115: =IF(S115<=0.5,"A",IF(S115<=0.84,"B","C")) -> B | U115: 0 | V115: =U115-M115 -> -865 | Y115: 865 | Z115: =Y115*O115/1000 -> 5.952 | AA115: =Z115/28 -> 0.21257143 | AB115: 0 | AC115: =IFERROR(INDEX(IMP_TOT,MATCH(D115,IMP_MOD,0)),0) -> 0 | AD115: =IFERROR(INDEX(REP_TOT,MATCH(D115,REP_MOD,0)),0) -> 0 | AE115: =IFERROR(INDEX(IMP_NT,MATCH(D115,IMP_MOD,0)),0) -> 0 | AF115: =IFERROR(AE115/TIENDAS,0) -> 0 | AG115: 0 | AH115: 0 | AI115: =IFERROR(AC115/M115,0) -> 0 | AJ115: =IFERROR(AD115/M115,0) -> 0 | AK115: =AC115*O115/1000 -> 0 | AL115: 0 | AM115: =AL115*O115/1000 -> 0 | AN115: =IFERROR(AL115/U115,0) -> 0 | AO115: =M115-AB115 -> 865 | AP115: =AO115*O115/1000 -> 5.952 | AQ115: =IFERROR((AC115+AD115)/M115,0) -> 0 | AT115: =IF(OR(W115="",AS115=""),"",AS115-W115) | AU115: =IF(M115=0,"",RANK(M115,$M$8:$M$474)) -> 208 | AV115: =IF(AB115=0,"",RANK(AB115,$AB$8:$AB$474)) | AW115: =IF(OR(AU115="",AV115=""),"",AU115-AV115)
A116: HOMBRE | B116: TRICOT HOMBRE | C116: JERSEY | D116: 2621TR32 | E116: =COUNTIF('Detalle por artículo'!$K$8:$K$592,D116) -> 2 | F116: =IFERROR(L116/G116,0) -> 144.28763 | G116: =SUMIF('Detalle por artículo'!$K$8:$K$592,$D116,'Detalle por artículo'!$E$8:$E$592) -> 5.952 | H116: =ROUNDUP(G116/1.54,0) -> 4 | I116: =ROUNDUP(G116/0.77,0) -> 8 | J116: =ROUNDUP(G116/0.385,0) -> 16 | K116: =G116/28 -> 0.21257143 | L116: =SUMIF('Detalle por artículo'!$K$8:$K$592,$D116,'Detalle por artículo'!$O$8:$O$592) -> 858.8 | M116: =SUMIF('Detalle por artículo'!$K$8:$K$592,$D116,'Detalle por artículo'!$I$8:$I$592) -> 1790 | N116: =SUMIF('Detalle por artículo'!$K$8:$K$592,$D116,'Detalle por artículo'!$M$8:$M$592) -> 62 | O116: =IFERROR(G116/M116*1000,0) -> 3.3251397 | P116: =IFERROR(L116/M116*1000,0) -> 479.77654 | Q116: =IF(F116=0,0,IF(F116<120,0.2,IF(F116>200,0.1,0.15))) -> 0.15 | R116: =G116*(1+Q116) -> 6.8448 | S116: =IFERROR(SUM($G$8:G116)/$G$6,0) -> 0.70205077 | T116: =IF(S116<=0.5,"A",IF(S116<=0.84,"B","C")) -> B | U116: 1790 | V116: =U116-M116 -> 0 | W116: 46238 | X116: 46275 | Y116: 0 | Z116: =Y116*O116/1000 -> 0 | AA116: =Z116/28 -> 0 | AB116: 576 | AC116: =IFERROR(INDEX(IMP_TOT,MATCH(D116,IMP_MOD,0)),0) -> 462 | AD116: =IFERROR(INDEX(REP_TOT,MATCH(D116,REP_MOD,0)),0) -> 114 | AE116: =IFERROR(INDEX(IMP_NT,MATCH(D116,IMP_MOD,0)),0) -> 30 | AF116: =IFERROR(AE116/TIENDAS,0) -> 0.6 | AG116: 3 | AH116: 0 | AI116: =IFERROR(AC116/M116,0) -> 0.25810056 | AJ116: =IFERROR(AD116/M116,0) -> 0.063687151 | AK116: =AC116*O116/1000 -> 1.5362145 | AL116: 1214 | AM116: =AL116*O116/1000 -> 4.0367196 | AN116: =IFERROR(AL116/U116,0) -> 0.67821229 | AO116: =M116-AB116 -> 1214 | AP116: =AO116*O116/1000 -> 4.0367196 | AQ116: =IFERROR((AC116+AD116)/M116,0) -> 0.32178771 | AR116: 46285 | AS116: 46286 | AT116: =IF(OR(W116="",AS116=""),"",AS116-W116) -> 48 | AU116: =IF(M116=0,"",RANK(M116,$M$8:$M$474)) -> 60 | AV116: =IF(AB116=0,"",RANK(AB116,$AB$8:$AB$474)) -> 220 | AW116: =IF(OR(AU116="",AV116=""),"",AU116-AV116) -> -160
A117: HOMBRE | B117: TRICOT HOMBRE | C117: JERSEY HIGH NECK | D117: 2621TR07 | E117: =COUNTIF('Detalle por artículo'!$K$8:$K$592,D117) -> 1 | F117: =IFERROR(L117/G117,0) -> 165.2437 | G117: =SUMIF('Detalle por artículo'!$K$8:$K$592,$D117,'Detalle por artículo'!$E$8:$E$592) -> 5.95 | H117: =ROUNDUP(G117/1.54,0) -> 4 | I117: =ROUNDUP(G117/0.77,0) -> 8 | J117: =ROUNDUP(G117/0.385,0) -> 16 | K117: =G117/28 -> 0.2125 | L117: =SUMIF('Detalle por artículo'!$K$8:$K$592,$D117,'Detalle por artículo'!$O$8:$O$592) -> 983.2 | M117: =SUMIF('Detalle por artículo'!$K$8:$K$592,$D117,'Detalle por artículo'!$I$8:$I$592) -> 1485 | N117: =SUMIF('Detalle por artículo'!$K$8:$K$592,$D117,'Detalle por artículo'!$M$8:$M$592) -> 58 | O117: =IFERROR(G117/M117*1000,0) -> 4.006734 | P117: =IFERROR(L117/M117*1000,0) -> 662.08754 | Q117: =IF(F117=0,0,IF(F117<120,0.2,IF(F117>200,0.1,0.15))) -> 0.15 | R117: =G117*(1+Q117) -> 6.8425 | S117: =IFERROR(SUM($G$8:G117)/$G$6,0) -> 0.70423718 | T117: =IF(S117<=0.5,"A",IF(S117<=0.84,"B","C")) -> B | U117: 1485 | V117: =U117-M117 -> 0 | W117: 46289 | X117: 46289 | Y117: 0 | Z117: =Y117*O117/1000 -> 0 | AA117: =Z117/28 -> 0 | AB117: 583 | AC117: =IFERROR(INDEX(IMP_TOT,MATCH(D117,IMP_MOD,0)),0) -> 477 | AD117: =IFERROR(INDEX(REP_TOT,MATCH(D117,REP_MOD,0)),0) -> 103 | AE117: =IFERROR(INDEX(IMP_NT,MATCH(D117,IMP_MOD,0)),0) -> 32 | AF117: =IFERROR(AE117/TIENDAS,0) -> 0.64 | AG117: 3 | AH117: 0 | AI117: =IFERROR(AC117/M117,0) -> 0.32121212 | AJ117: =IFERROR(AD117/M117,0) -> 0.069360269 | AK117: =AC117*O117/1000 -> 1.9112121 | AL117: 901 | AM117: =AL117*O117/1000 -> 3.6100673 | AN117: =IFERROR(AL117/U117,0) -> 0.60673401 | AO117: =M117-AB117 -> 902 | AP117: =AO117*O117/1000 -> 3.6140741 | AQ117: =IFERROR((AC117+AD117)/M117,0) -> 0.39057239 | AR117: 46292 | AS117: 46293 | AT117: =IF(OR(W117="",AS117=""),"",AS117-W117) -> 4 | AU117: =IF(M117=0,"",RANK(M117,$M$8:$M$474)) -> 101 | AV117: =IF(AB117=0,"",RANK(AB117,$AB$8:$AB$474)) -> 213 | AW117: =IF(OR(AU117="",AV117=""),"",AU117-AV117) -> -112
A118: HOMBRE | B118: CAMISA MANGA LARGA HOMBRE | C118: SOBRECAMISA | D118: 2621CL59 | E118: =COUNTIF('Detalle por artículo'!$K$8:$K$592,D118) -> 2 | F118: =IFERROR(L118/G118,0) -> 147.68416 | G118: =SUMIF('Detalle por artículo'!$K$8:$K$592,$D118,'Detalle por artículo'!$E$8:$E$592) -> 5.851 | H118: =ROUNDUP(G118/1.54,0) -> 4 | I118: =ROUNDUP(G118/0.77,0) -> 8 | J118: =ROUNDUP(G118/0.385,0) -> 16 | K118: =G118/28 -> 0.20896429 | L118: =SUMIF('Detalle por artículo'!$K$8:$K$592,$D118,'Detalle por artículo'!$O$8:$O$592) -> 864.1 | M118: =SUMIF('Detalle por artículo'!$K$8:$K$592,$D118,'Detalle por artículo'!$I$8:$I$592) -> 839 | N118: =SUMIF('Detalle por artículo'!$K$8:$K$592,$D118,'Detalle por artículo'!$M$8:$M$592) -> 56 | O118: =IFERROR(G118/M118*1000,0) -> 6.9737783 | P118: =IFERROR(L118/M118*1000,0) -> 1029.9166 | Q118: =IF(F118=0,0,IF(F118<120,0.2,IF(F118>200,0.1,0.15))) -> 0.15 | R118: =G118*(1+Q118) -> 6.72865 | S118: =IFERROR(SUM($G$8:G118)/$G$6,0) -> 0.70638721 | T118: =IF(S118<=0.5,"A",IF(S118<=0.84,"B","C")) -> B | U118: 838 | V118: =U118-M118 -> -1 | W118: 46272 | X118: 46283 | Y118: 490 | Z118: =Y118*O118/1000 -> 3.4171514 | AA118: =Z118/28 -> 0.12204112 | AB118: 314 | AC118: =IFERROR(INDEX(IMP_TOT,MATCH(D118,IMP_MOD,0)),0) -> 277 | AD118: =IFERROR(INDEX(REP_TOT,MATCH(D118,REP_MOD,0)),0) -> 33 | AE118: =IFERROR(INDEX(IMP_NT,MATCH(D118,IMP_MOD,0)),0) -> 34 | AF118: =IFERROR(AE118/TIENDAS,0) -> 0.68 | AG118: 4 | AH118: 0 | AI118: =IFERROR(AC118/M118,0) -> 0.33015495 | AJ118: =IFERROR(AD118/M118,0) -> 0.039332539 | AK118: =AC118*O118/1000 -> 1.9317366 | AL118: 524 | AM118: =AL118*O118/1000 -> 3.6542598 | AN118: =IFERROR(AL118/U118,0) -> 0.62529833 | AO118: =M118-AB118 -> 525 | AP118: =AO118*O118/1000 -> 3.6612336 | AQ118: =IFERROR((AC118+AD118)/M118,0) -> 0.36948749 | AR118: 46274 | AS118: 46279 | AT118: =IF(OR(W118="",AS118=""),"",AS118-W118) -> 7 | AU118: =IF(M118=0,"",RANK(M118,$M$8:$M$474)) -> 219 | AV118: =IF(AB118=0,"",RANK(AB118,$AB$8:$AB$474)) -> 341 | AW118: =IF(OR(AU118="",AV118=""),"",AU118-AV118) -> -122
A119: HOMBRE | B119: CHAQUETA HOMBRE | C119: CAZADORA | D119: 2621JA47 | E119: =COUNTIF('Detalle por artículo'!$K$8:$K$592,D119) -> 1 | F119: =IFERROR(L119/G119,0) -> 118.17708 | G119: =SUMIF('Detalle por artículo'!$K$8:$K$592,$D119,'Detalle por artículo'!$E$8:$E$592) -> 5.76 | H119: =ROUNDUP(G119/1.54,0) -> 4 | I119: =ROUNDUP(G119/0.77,0) -> 8 | J119: =ROUNDUP(G119/0.385,0) -> 15 | K119: =G119/28 -> 0.20571429 | L119: =SUMIF('Detalle por artículo'!$K$8:$K$592,$D119,'Detalle por artículo'!$O$8:$O$592) -> 680.7 | M119: =SUMIF('Detalle por artículo'!$K$8:$K$592,$D119,'Detalle por artículo'!$I$8:$I$592) -> 839 | N119: =SUMIF('Detalle por artículo'!$K$8:$K$592,$D119,'Detalle por artículo'!$M$8:$M$592) -> 60 | O119: =IFERROR(G119/M119*1000,0) -> 6.8653159 | P119: =IFERROR(L119/M119*1000,0) -> 811.323 | Q119: =IF(F119=0,0,IF(F119<120,0.2,IF(F119>200,0.1,0.15))) -> 0.2 | R119: =G119*(1+Q119) -> 6.912 | S119: =IFERROR(SUM($G$8:G119)/$G$6,0) -> 0.7085038 | T119: =IF(S119<=0.5,"A",IF(S119<=0.84,"B","C")) -> B | U119: 840 | V119: =U119-M119 -> 1 | W119: 46213 | X119: 46248 | Y119: 0 | Z119: =Y119*O119/1000 -> 0 | AA119: =Z119/28 -> 0 | AB119: 485 | AC119: =IFERROR(INDEX(IMP_TOT,MATCH(D119,IMP_MOD,0)),0) -> 386 | AD119: =IFERROR(INDEX(REP_TOT,MATCH(D119,REP_MOD,0)),0) -> 77 | AE119: =IFERROR(INDEX(IMP_NT,MATCH(D119,IMP_MOD,0)),0) -> 47 | AF119: =IFERROR(AE119/TIENDAS,0) -> 0.94 | AG119: 0 | AH119: 22 | AI119: =IFERROR(AC119/M119,0) -> 0.46007151 | AJ119: =IFERROR(AD119/M119,0) -> 0.091775924 | AK119: =AC119*O119/1000 -> 2.6500119 | AL119: 355 | AM119: =AL119*O119/1000 -> 2.4371871 | AN119: =IFERROR(AL119/U119,0) -> 0.42261905 | AO119: =M119-AB119 -> 354 | AP119: =AO119*O119/1000 -> 2.4303218 | AQ119: =IFERROR((AC119+AD119)/M119,0) -> 0.55184744 | AR119: 46219 | AS119: 46219 | AT119: =IF(OR(W119="",AS119=""),"",AS119-W119) -> 6 | AU119: =IF(M119=0,"",RANK(M119,$M$8:$M$474)) -> 219 | AV119: =IF(AB119=0,"",RANK(AB119,$AB$8:$AB$474)) -> 280 | AW119: =IF(OR(AU119="",AV119=""),"",AU119-AV119) -> -61
A120: MUJER | B120: CHAQUETA MUJER | C120: CAZADORA | D120: 2622JA15 | E120: =COUNTIF('Detalle por artículo'!$K$8:$K$592,D120) -> 1 | F120: =IFERROR(L120/G120,0) -> -14.736842 | G120: =SUMIF('Detalle por artículo'!$K$8:$K$592,$D120,'Detalle por artículo'!$E$8:$E$592) -> 5.7 | H120: =ROUNDUP(G120/1.54,0) -> 4 | I120: =ROUNDUP(G120/0.77,0) -> 8 | J120: =ROUNDUP(G120/0.385,0) -> 15 | K120: =G120/28 -> 0.20357143 | L120: =SUMIF('Detalle por artículo'!$K$8:$K$592,$D120,'Detalle por artículo'!$O$8:$O$592) -> -84 | M120: =SUMIF('Detalle por artículo'!$K$8:$K$592,$D120,'Detalle por artículo'!$I$8:$I$592) -> 1043 | N120: =SUMIF('Detalle por artículo'!$K$8:$K$592,$D120,'Detalle por artículo'!$M$8:$M$592) -> 70 | O120: =IFERROR(G120/M120*1000,0) -> 5.4650048 | P120: =IFERROR(L120/M120*1000,0) -> -80.536913 | Q120: =IF(F120=0,0,IF(F120<120,0.2,IF(F120>200,0.1,0.15))) -> 0.2 | R120: =G120*(1+Q120) -> 6.84 | S120: =IFERROR(SUM($G$8:G120)/$G$6,0) -> 0.71059835 | T120: =IF(S120<=0.5,"A",IF(S120<=0.84,"B","C")) -> B | U120: 1060 | V120: =U120-M120 -> 17 | W120: 46246 | X120: 46246 | Y120: 0 | Z120: =Y120*O120/1000 -> 0 | AA120: =Z120/28 -> 0 | AB120: 733 | AC120: =IFERROR(INDEX(IMP_TOT,MATCH(D120,IMP_MOD,0)),0) -> 469 | AD120: =IFERROR(INDEX(REP_TOT,MATCH(D120,REP_MOD,0)),0) -> 239 | AE120: =IFERROR(INDEX(IMP_NT,MATCH(D120,IMP_MOD,0)),0) -> 48 | AF120: =IFERROR(AE120/TIENDAS,0) -> 0.96 | AG120: 3 | AH120: 22 | AI120: =IFERROR(AC120/M120,0) -> 0.44966443 | AJ120: =IFERROR(AD120/M120,0) -> 0.22914669 | AK120: =AC120*O120/1000 -> 2.5630872 | AL120: 315 | AM120: =AL120*O120/1000 -> 1.7214765 | AN120: =IFERROR(AL120/U120,0) -> 0.29716981 | AO120: =M120-AB120 -> 310 | AP120: =AO120*O120/1000 -> 1.6941515 | AQ120: =IFERROR((AC120+AD120)/M120,0) -> 0.67881112 | AR120: 46254 | AS120: 46255 | AT120: =IF(OR(W120="",AS120=""),"",AS120-W120) -> 9 | AU120: =IF(M120=0,"",RANK(M120,$M$8:$M$474)) -> 165 | AV120: =IF(AB120=0,"",RANK(AB120,$AB$8:$AB$474)) -> 114 | AW120: =IF(OR(AU120="",AV120=""),"",AU120-AV120) -> 51
A121: MUJER | B121: CHAQUETA MUJER | C121: CAZADORA | D121: 2622JA17 | E121: =COUNTIF('Detalle por artículo'!$K$8:$K$592,D121) -> 1 | F121: =IFERROR(L121/G121,0) -> 156.9258 | G121: =SUMIF('Detalle por artículo'!$K$8:$K$592,$D121,'Detalle por artículo'!$E$8:$E$592) -> 5.66 | H121: =ROUNDUP(G121/1.54,0) -> 4 | I121: =ROUNDUP(G121/0.77,0) -> 8 | J121: =ROUNDUP(G121/0.385,0) -> 15 | K121: =G121/28 -> 0.20214286 | L121: =SUMIF('Detalle por artículo'!$K$8:$K$592,$D121,'Detalle por artículo'!$O$8:$O$592) -> 888.2 | M121: =SUMIF('Detalle por artículo'!$K$8:$K$592,$D121,'Detalle por artículo'!$I$8:$I$592) -> 851 | N121: =SUMIF('Detalle por artículo'!$K$8:$K$592,$D121,'Detalle por artículo'!$M$8:$M$592) -> 59 | O121: =IFERROR(G121/M121*1000,0) -> 6.6509988 | P121: =IFERROR(L121/M121*1000,0) -> 1043.7133 | Q121: =IF(F121=0,0,IF(F121<120,0.2,IF(F121>200,0.1,0.15))) -> 0.15 | R121: =G121*(1+Q121) -> 6.509 | S121: =IFERROR(SUM($G$8:G121)/$G$6,0) -> 0.71267819 | T121: =IF(S121<=0.5,"A",IF(S121<=0.84,"B","C")) -> B | U121: 866 | V121: =U121-M121 -> 15 | W121: 46289 | X121: 46289 | Y121: 0 | Z121: =Y121*O121/1000 -> 0 | AA121: =Z121/28 -> 0 | AB121: 469 | AC121: =IFERROR(INDEX(IMP_TOT,MATCH(D121,IMP_MOD,0)),0) -> 440 | AD121: =IFERROR(INDEX(REP_TOT,MATCH(D121,REP_MOD,0)),0) -> 20 | AE121: =IFERROR(INDEX(IMP_NT,MATCH(D121,IMP_MOD,0)),0) -> 45 | AF121: =IFERROR(AE121/TIENDAS,0) -> 0.9 | AG121: 9 | AH121: 0 | AI121: =IFERROR(AC121/M121,0) -> 0.51703878 | AJ121: =IFERROR(AD121/M121,0) -> 0.023501763 | AK121: =AC121*O121/1000 -> 2.9264395 | AL121: 397 | AM121: =AL121*O121/1000 -> 2.6404465 | AN121: =IFERROR(AL121/U121,0) -> 0.45842956 | AO121: =M121-AB121 -> 382 | AP121: =AO121*O121/1000 -> 2.5406816 | AQ121: =IFERROR((AC121+AD121)/M121,0) -> 0.54054054 | AR121: 46293 | AS121: 46294 | AT121: =IF(OR(W121="",AS121=""),"",AS121-W121) -> 5 | AU121: =IF(M121=0,"",RANK(M121,$M$8:$M$474)) -> 215 | AV121: =IF(AB121=0,"",RANK(AB121,$AB$8:$AB$474)) -> 292 | AW121: =IF(OR(AU121="",AV121=""),"",AU121-AV121) -> -77
A122: HOMBRE | B122: TRICOT HOMBRE | C122: JERSEY | D122: 2621TR70 | E122: =COUNTIF('Detalle por artículo'!$K$8:$K$592,D122) -> 2 | F122: =IFERROR(L122/G122,0) -> 170.73171 | G122: =SUMIF('Detalle por artículo'!$K$8:$K$592,$D122,'Detalle por artículo'!$E$8:$E$592) -> 5.5924 | H122: =ROUNDUP(G122/1.54,0) -> 4 | I122: =ROUNDUP(G122/0.77,0) -> 8 | J122: =ROUNDUP(G122/0.385,0) -> 15 | K122: =G122/28 -> 0.19972857 | L122: =SUMIF('Detalle por artículo'!$K$8:$K$592,$D122,'Detalle por artículo'!$O$8:$O$592) -> 954.8 | M122: =SUMIF('Detalle por artículo'!$K$8:$K$592,$D122,'Detalle por artículo'!$I$8:$I$592) -> 2037 | N122: =SUMIF('Detalle por artículo'!$K$8:$K$592,$D122,'Detalle por artículo'!$M$8:$M$592) -> 55 | O122: =IFERROR(G122/M122*1000,0) -> 2.7454099 | P122: =IFERROR(L122/M122*1000,0) -> 468.72852 | Q122: =IF(F122=0,0,IF(F122<120,0.2,IF(F122>200,0.1,0.15))) -> 0.15 | R122: =G122*(1+Q122) -> 6.43126 | S122: =IFERROR(SUM($G$8:G122)/$G$6,0) -> 0.7147332 | T122: =IF(S122<=0.5,"A",IF(S122<=0.84,"B","C")) -> B | U122: 2037 | V122: =U122-M122 -> 0 | W122: 46288 | X122: 46288 | Y122: 0 | Z122: =Y122*O122/1000 -> 0 | AA122: =Z122/28 -> 0 | AB122: 607 | AC122: =IFERROR(INDEX(IMP_TOT,MATCH(D122,IMP_MOD,0)),0) -> 483 | AD122: =IFERROR(INDEX(REP_TOT,MATCH(D122,REP_MOD,0)),0) -> 126 | AE122: =IFERROR(INDEX(IMP_NT,MATCH(D122,IMP_MOD,0)),0) -> 43 | AF122: =IFERROR(AE122/TIENDAS,0) -> 0.86 | AG122: 3 | AH122: 0 | AI122: =IFERROR(AC122/M122,0) -> 0.2371134 | AJ122: =IFERROR(AD122/M122,0) -> 0.06185567 | AK122: =AC122*O122/1000 -> 1.326033 | AL122: 1430 | AM122: =AL122*O122/1000 -> 3.9259362 | AN122: =IFERROR(AL122/U122,0) -> 0.70201276 | AO122: =M122-AB122 -> 1430 | AP122: =AO122*O122/1000 -> 3.9259362 | AQ122: =IFERROR((AC122+AD122)/M122,0) -> 0.29896907 | AR122: 46292 | AS122: 46293 | AT122: =IF(OR(W122="",AS122=""),"",AS122-W122) -> 5 | AU122: =IF(M122=0,"",RANK(M122,$M$8:$M$474)) -> 41 | AV122: =IF(AB122=0,"",RANK(AB122,$AB$8:$AB$474)) -> 183 | AW122: =IF(OR(AU122="",AV122=""),"",AU122-AV122) -> -142
A123: HOMBRE | B123: CHAQUETA HOMBRE | C123: CAZADORA | D123: 2621JA29 | E123: =COUNTIF('Detalle por artículo'!$K$8:$K$592,D123) -> 1 | F123: =IFERROR(L123/G123,0) -> 131.73266 | G123: =SUMIF('Detalle por artículo'!$K$8:$K$592,$D123,'Detalle por artículo'!$E$8:$E$592) -> 5.581 | H123: =ROUNDUP(G123/1.54,0) -> 4 | I123: =ROUNDUP(G123/0.77,0) -> 8 | J123: =ROUNDUP(G123/0.385,0) -> 15 | K123: =G123/28 -> 0.19932143 | L123: =SUMIF('Detalle por artículo'!$K$8:$K$592,$D123,'Detalle por artículo'!$O$8:$O$592) -> 735.2 | M123: =SUMIF('Detalle por artículo'!$K$8:$K$592,$D123,'Detalle por artículo'!$I$8:$I$592) -> 777 | N123: =SUMIF('Detalle por artículo'!$K$8:$K$592,$D123,'Detalle por artículo'!$M$8:$M$592) -> 51 | O123: =IFERROR(G123/M123*1000,0) -> 7.1827542 | P123: =IFERROR(L123/M123*1000,0) -> 946.20335 | Q123: =IF(F123=0,0,IF(F123<120,0.2,IF(F123>200,0.1,0.15))) -> 0.15 | R123: =G123*(1+Q123) -> 6.41815 | S123: =IFERROR(SUM($G$8:G123)/$G$6,0) -> 0.71678401 | T123: =IF(S123<=0.5,"A",IF(S123<=0.84,"B","C")) -> B | U123: 777 | V123: =U123-M123 -> 0 | W123: 46272 | X123: 46272 | Y123: 792 | Z123: =Y123*O123/1000 -> 5.6887413 | AA123: =Z123/28 -> 0.20316933 | AB123: 511 | AC123: =IFERROR(INDEX(IMP_TOT,MATCH(D123,IMP_MOD,0)),0) -> 379 | AD123: =IFERROR(INDEX(REP_TOT,MATCH(D123,REP_MOD,0)),0) -> 119 | AE123: =IFERROR(INDEX(IMP_NT,MATCH(D123,IMP_MOD,0)),0) -> 40 | AF123: =IFERROR(AE123/TIENDAS,0) -> 0.8 | AG123: 4 | AH123: 9 | AI123: =IFERROR(AC123/M123,0) -> 0.48777349 | AJ123: =IFERROR(AD123/M123,0) -> 0.15315315 | AK123: =AC123*O123/1000 -> 2.7222638 | AL123: 265 | AM123: =AL123*O123/1000 -> 1.9034299 | AN123: =IFERROR(AL123/U123,0) -> 0.34105534 | AO123: =M123-AB123 -> 266 | AP123: =AO123*O123/1000 -> 1.9106126 | AQ123: =IFERROR((AC123+AD123)/M123,0) -> 0.64092664 | AR123: 46274 | AS123: 46279 | AT123: =IF(OR(W123="",AS123=""),"",AS123-W123) -> 7 | AU123: =IF(M123=0,"",RANK(M123,$M$8:$M$474)) -> 258 | AV123: =IF(AB123=0,"",RANK(AB123,$AB$8:$AB$474)) -> 264 | AW123: =IF(OR(AU123="",AV123=""),"",AU123-AV123) -> -6
A124: HOMBRE | B124: CHAQUETA HOMBRE | C124: CAZADORA | D124: 2621JA01 | E124: =COUNTIF('Detalle por artículo'!$K$8:$K$592,D124) -> 1 | F124: =IFERROR(L124/G124,0) -> 134.54219 | G124: =SUMIF('Detalle por artículo'!$K$8:$K$592,$D124,'Detalle por artículo'!$E$8:$E$592) -> 5.57 | H124: =ROUNDUP(G124/1.54,0) -> 4 | I124: =ROUNDUP(G124/0.77,0) -> 8 | J124: =ROUNDUP(G124/0.385,0) -> 15 | K124: =G124/28 -> 0.19892857 | L124: =SUMIF('Detalle por artículo'!$K$8:$K$592,$D124,'Detalle por artículo'!$O$8:$O$592) -> 749.4 | M124: =SUMIF('Detalle por artículo'!$K$8:$K$592,$D124,'Detalle por artículo'!$I$8:$I$592) -> 815 | N124: =SUMIF('Detalle por artículo'!$K$8:$K$592,$D124,'Detalle por artículo'!$M$8:$M$592) -> 58 | O124: =IFERROR(G124/M124*1000,0) -> 6.8343558 | P124: =IFERROR(L124/M124*1000,0) -> 919.5092 | Q124: =IF(F124=0,0,IF(F124<120,0.2,IF(F124>200,0.1,0.15))) -> 0.15 | R124: =G124*(1+Q124) -> 6.4055 | S124: =IFERROR(SUM($G$8:G124)/$G$6,0) -> 0.71883078 | T124: =IF(S124<=0.5,"A",IF(S124<=0.84,"B","C")) -> B | U124: 815 | V124: =U124-M124 -> 0 | W124: 46213 | X124: 46213 | Y124: 0 | Z124: =Y124*O124/1000 -> 0 | AA124: =Z124/28 -> 0 | AB124: 623 | AC124: =IFERROR(INDEX(IMP_TOT,MATCH(D124,IMP_MOD,0)),0) -> 454 | AD124: =IFERROR(INDEX(REP_TOT,MATCH(D124,REP_MOD,0)),0) -> 139 | AE124: =IFERROR(INDEX(IMP_NT,MATCH(D124,IMP_MOD,0)),0) -> 48 | AF124: =IFERROR(AE124/TIENDAS,0) -> 0.96 | AG124: 6 | AH124: 24 | AI124: =IFERROR(AC124/M124,0) -> 0.55705521 | AJ124: =IFERROR(AD124/M124,0) -> 0.17055215 | AK124: =AC124*O124/1000 -> 3.1027975 | AL124: 191 | AM124: =AL124*O124/1000 -> 1.305362 | AN124: =IFERROR(AL124/U124,0) -> 0.23435583 | AO124: =M124-AB124 -> 192 | AP124: =AO124*O124/1000 -> 1.3121963 | AQ124: =IFERROR((AC124+AD124)/M124,0) -> 0.72760736 | AR124: 46219 | AS124: 46219 | AT124: =IF(OR(W124="",AS124=""),"",AS124-W124) -> 6 | AU124: =IF(M124=0,"",RANK(M124,$M$8:$M$474)) -> 231 | AV124: =IF(AB124=0,"",RANK(AB124,$AB$8:$AB$474)) -> 173 | AW124: =IF(OR(AU124="",AV124=""),"",AU124-AV124) -> 58
A125: HOMBRE | B125: SUDADERA HOMBRE | C125: HIGH NECK | D125: 2621SU32 | E125: =COUNTIF('Detalle por artículo'!$K$8:$K$592,D125) -> 2 | F125: =IFERROR(L125/G125,0) -> 133.28546 | G125: =SUMIF('Detalle por artículo'!$K$8:$K$592,$D125,'Detalle por artículo'!$E$8:$E$592) -> 5.57 | H125: =ROUNDUP(G125/1.54,0) -> 4 | I125: =ROUNDUP(G125/0.77,0) -> 8 | J125: =ROUNDUP(G125/0.385,0) -> 15 | K125: =G125/28 -> 0.19892857 | L125: =SUMIF('Detalle por artículo'!$K$8:$K$592,$D125,'Detalle por artículo'!$O$8:$O$592) -> 742.4 | M125: =SUMIF('Detalle por artículo'!$K$8:$K$592,$D125,'Detalle por artículo'!$I$8:$I$592) -> 1496 | N125: =SUMIF('Detalle por artículo'!$K$8:$K$592,$D125,'Detalle por artículo'!$M$8:$M$592) -> 58 | O125: =IFERROR(G125/M125*1000,0) -> 3.723262 | P125: =IFERROR(L125/M125*1000,0) -> 496.25668 | Q125: =IF(F125=0,0,IF(F125<120,0.2,IF(F125>200,0.1,0.15))) -> 0.15 | R125: =G125*(1+Q125) -> 6.4055 | S125: =IFERROR(SUM($G$8:G125)/$G$6,0) -> 0.72087756 | T125: =IF(S125<=0.5,"A",IF(S125<=0.84,"B","C")) -> B | U125: 1496 | V125: =U125-M125 -> 0 | W125: 46234 | X125: 46234 | Y125: 0 | Z125: =Y125*O125/1000 -> 0 | AA125: =Z125/28 -> 0 | AB125: 957 | AC125: =IFERROR(INDEX(IMP_TOT,MATCH(D125,IMP_MOD,0)),0) -> 499 | AD125: =IFERROR(INDEX(REP_TOT,MATCH(D125,REP_MOD,0)),0) -> 435 | AE125: =IFERROR(INDEX(IMP_NT,MATCH(D125,IMP_MOD,0)),0) -> 35 | AF125: =IFERROR(AE125/TIENDAS,0) -> 0.7 | AG125: 11 | AH125: 14 | AI125: =IFERROR(AC125/M125,0) -> 0.33355615 | AJ125: =IFERROR(AD125/M125,0) -> 0.2907754 | AK125: =AC125*O125/1000 -> 1.8579078 | AL125: 539 | AM125: =AL125*O125/1000 -> 2.0068382 | AN125: =IFERROR(AL125/U125,0) -> 0.36029412 | AO125: =M125-AB125 -> 539 | AP125: =AO125*O125/1000 -> 2.0068382 | AQ125: =IFERROR((AC125+AD125)/M125,0) -> 0.62433155 | AR125: 46254 | AS125: 46255 | AT125: =IF(OR(W125="",AS125=""),"",AS125-W125) -> 21 | AU125: =IF(M125=0,"",RANK(M125,$M$8:$M$474)) -> 97 | AV125: =IF(AB125=0,"",RANK(AB125,$AB$8:$AB$474)) -> 71 | AW125: =IF(OR(AU125="",AV125=""),"",AU125-AV125) -> 26
A126: HOMBRE | B126: TRICOT HOMBRE | C126: JERSEY | D126: 2621TR34 | E126: =COUNTIF('Detalle por artículo'!$K$8:$K$592,D126) -> 1 | F126: =IFERROR(L126/G126,0) -> 85.668103 | G126: =SUMIF('Detalle por artículo'!$K$8:$K$592,$D126,'Detalle por artículo'!$E$8:$E$592) -> 5.568 | H126: =ROUNDUP(G126/1.54,0) -> 4 | I126: =ROUNDUP(G126/0.77,0) -> 8 | J126: =ROUNDUP(G126/0.385,0) -> 15 | K126: =G126/28 -> 0.19885714 | L126: =SUMIF('Detalle por artículo'!$K$8:$K$592,$D126,'Detalle por artículo'!$O$8:$O$592) -> 477 | M126: =SUMIF('Detalle por artículo'!$K$8:$K$592,$D126,'Detalle por artículo'!$I$8:$I$592) -> 1101 | N126: =SUMIF('Detalle por artículo'!$K$8:$K$592,$D126,'Detalle por artículo'!$M$8:$M$592) -> 58 | O126: =IFERROR(G126/M126*1000,0) -> 5.0572207 | P126: =IFERROR(L126/M126*1000,0) -> 433.24251 | Q126: =IF(F126=0,0,IF(F126<120,0.2,IF(F126>200,0.1,0.15))) -> 0.2 | R126: =G126*(1+Q126) -> 6.6816 | S126: =IFERROR(SUM($G$8:G126)/$G$6,0) -> 0.7229236 | T126: =IF(S126<=0.5,"A",IF(S126<=0.84,"B","C")) -> B | U126: 1101 | V126: =U126-M126 -> 0 | W126: 46288 | X126: 46288 | Y126: 0 | Z126: =Y126*O126/1000 -> 0 | AA126: =Z126/28 -> 0 | AB126: 331 | AC126: =IFERROR(INDEX(IMP_TOT,MATCH(D126,IMP_MOD,0)),0) -> 330 | AD126: =IFERROR(INDEX(REP_TOT,MATCH(D126,REP_MOD,0)),0) -> 0 | AE126: =IFERROR(INDEX(IMP_NT,MATCH(D126,IMP_MOD,0)),0) -> 48 | AF126: =IFERROR(AE126/TIENDAS,0) -> 0.96 | AG126: 1 | AH126: 0 | AI126: =IFERROR(AC126/M126,0) -> 0.29972752 | AJ126: =IFERROR(AD126/M126,0) -> 0 | AK126: =AC126*O126/1000 -> 1.6688828 | AL126: 770 | AM126: =AL126*O126/1000 -> 3.8940599 | AN126: =IFERROR(AL126/U126,0) -> 0.69936421 | AO126: =M126-AB126 -> 770 | AP126: =AO126*O126/1000 -> 3.8940599 | AQ126: =IFERROR((AC126+AD126)/M126,0) -> 0.29972752 | AR126: 46293 | AS126: 46294 | AT126: =IF(OR(W126="",AS126=""),"",AS126-W126) -> 6 | AU126: =IF(M126=0,"",RANK(M126,$M$8:$M$474)) -> 148 | AV126: =IF(AB126=0,"",RANK(AB126,$AB$8:$AB$474)) -> 337 | AW126: =IF(OR(AU126="",AV126=""),"",AU126-AV126) -> -189
A127: HOMBRE | B127: CHAQUETA HOMBRE | C127: CAZADORA | D127: 2621JA03 | E127: =COUNTIF('Detalle por artículo'!$K$8:$K$592,D127) -> 1 | F127: =IFERROR(L127/G127,0) -> 240.94828 | G127: =SUMIF('Detalle por artículo'!$K$8:$K$592,$D127,'Detalle por artículo'!$E$8:$E$592) -> 5.568 | H127: =ROUNDUP(G127/1.54,0) -> 4 | I127: =ROUNDUP(G127/0.77,0) -> 8 | J127: =ROUNDUP(G127/0.385,0) -> 15 | K127: =G127/28 -> 0.19885714 | L127: =SUMIF('Detalle por artículo'!$K$8:$K$592,$D127,'Detalle por artículo'!$O$8:$O$592) -> 1341.6 | M127: =SUMIF('Detalle por artículo'!$K$8:$K$592,$D127,'Detalle por artículo'!$I$8:$I$592) -> 1137 | N127: =SUMIF('Detalle por artículo'!$K$8:$K$592,$D127,'Detalle por artículo'!$M$8:$M$592) -> 58 | O127: =IFERROR(G127/M127*1000,0) -> 4.8970976 | P127: =IFERROR(L127/M127*1000,0) -> 1179.9472 | Q127: =IF(F127=0,0,IF(F127<120,0.2,IF(F127>200,0.1,0.15))) -> 0.1 | R127: =G127*(1+Q127) -> 6.1248 | S127: =IFERROR(SUM($G$8:G127)/$G$6,0) -> 0.72496963 | T127: =IF(S127<=0.5,"A",IF(S127<=0.84,"B","C")) -> B | U127: 1141 | V127: =U127-M127 -> 4 | W127: 46281 | X127: 46281 | Y127: 0 | Z127: =Y127*O127/1000 -> 0 | AA127: =Z127/28 -> 0 | AB127: 583 | AC127: =IFERROR(INDEX(IMP_TOT,MATCH(D127,IMP_MOD,0)),0) -> 431 | AD127: =IFERROR(INDEX(REP_TOT,MATCH(D127,REP_MOD,0)),0) -> 136 | AE127: =IFERROR(INDEX(IMP_NT,MATCH(D127,IMP_MOD,0)),0) -> 45 | AF127: =IFERROR(AE127/TIENDAS,0) -> 0.9 | AG127: 7 | AH127: 9 | AI127: =IFERROR(AC127/M127,0) -> 0.37906772 | AJ127: =IFERROR(AD127/M127,0) -> 0.11961302 | AK127: =AC127*O127/1000 -> 2.1106491 | AL127: 555 | AM127: =AL127*O127/1000 -> 2.7178892 | AN127: =IFERROR(AL127/U127,0) -> 0.48641543 | AO127: =M127-AB127 -> 554 | AP127: =AO127*O127/1000 -> 2.7129921 | AQ127: =IFERROR((AC127+AD127)/M127,0) -> 0.49868074 | AR127: 46281 | AS127: 46283 | AT127: =IF(OR(W127="",AS127=""),"",AS127-W127) -> 2 | AU127: =IF(M127=0,"",RANK(M127,$M$8:$M$474)) -> 144 | AV127: =IF(AB127=0,"",RANK(AB127,$AB$8:$AB$474)) -> 213 | AW127: =IF(OR(AU127="",AV127=""),"",AU127-AV127) -> -69
... A134: HOMBRE | B134: TRICOT HOMBRE | C134: JERSEY | D134: 2621TR35 | E134: =COUNTIF('Detalle por artículo'!$K$8:$K$592,D134) -> 1 | F134: =IFERROR(L134/G134,0) -> 117.70833 | G134: =SUMIF('Detalle por artículo'!$K$8:$K$592,$D134,'Detalle por artículo'!$E$8:$E$592) -> 5.28 | H134: =ROUNDUP(G134/1.54,0) -> 4 | I134: =ROUNDUP(G134/0.77,0) -> 7 | J134: =ROUNDUP(G134/0.385,0) -> 14 | K134: =G134/28 -> 0.18857143 | L134: =SUMIF('Detalle por artículo'!$K$8:$K$592,$D134,'Detalle por artículo'!$O$8:$O$592) -> 621.5 | M134: =SUMIF('Detalle por artículo'!$K$8:$K$592,$D134,'Detalle por artículo'!$I$8:$I$592) -> 1394 | N134: =SUMIF('Detalle por artículo'!$K$8:$K$592,$D134,'Detalle por artículo'!$M$8:$M$592) -> 55 | O134: =IFERROR(G134/M134*1000,0) -> 3.7876614 | P134: =IFERROR(L134/M134*1000,0) -> 445.83931 | Q134: =IF(F134=0,0,IF(F134<120,0.2,IF(F134>200,0.1,0.15))) -> 0.2 | R134: =G134*(1+Q134) -> 6.336 | S134: =IFERROR(SUM($G$8:G134)/$G$6,0) -> 0.73886454 | T134: =IF(S134<=0.5,"A",IF(S134<=0.84,"B","C")) -> B | U134: 1394 | V134: =U134-M134 -> 0 | W134: 46286 | X134: 46286 | Y134: 0 | Z134: =Y134*O134/1000 -> 0 | AA134: =Z134/28 -> 0 | AB134: 594 | AC134: =IFERROR(INDEX(IMP_TOT,MATCH(D134,IMP_MOD,0)),0) -> 579 | AD134: =IFERROR(INDEX(REP_TOT,MATCH(D134,REP_MOD,0)),0) -> 10 | AE134: =IFERROR(INDEX(IMP_NT,MATCH(D134,IMP_MOD,0)),0) -> 42 | AF134: =IFERROR(AE134/TIENDAS,0) -> 0.84 | AG134: 5 | AH134: 0 | AI134: =IFERROR(AC134/M134,0) -> 0.41535151 | AJ134: =IFERROR(AD134/M134,0) -> 0.0071736011 | AK134: =AC134*O134/1000 -> 2.193056 | AL134: 800 | AM134: =AL134*O134/1000 -> 3.0301291 | AN134: =IFERROR(AL134/U134,0) -> 0.57388809 | AO134: =M134-AB134 -> 800 | AP134: =AO134*O134/1000 -> 3.0301291 | AQ134: =IFERROR((AC134+AD134)/M134,0) -> 0.42252511 | AR134: 46293 | AS134: 46294 | AT134: =IF(OR(W134="",AS134=""),"",AS134-W134) -> 8 | AU134: =IF(M134=0,"",RANK(M134,$M$8:$M$474)) -> 118 | AV134: =IF(AB134=0,"",RANK(AB134,$AB$8:$AB$474)) -> 198 | AW134: =IF(OR(AU134="",AV134=""),"",AU134-AV134) -> -80
A135: HOMBRE | B135: CHAQUETA HOMBRE | C135: CAZADORA | D135: 2711JA02 | E135: =COUNTIF('Detalle por artículo'!$K$8:$K$592,D135) -> 1 | F135: =IFERROR(L135/G135,0) -> 147.53788 | G135: =SUMIF('Detalle por artículo'!$K$8:$K$592,$D135,'Detalle por artículo'!$E$8:$E$592) -> 5.28 | H135: =ROUNDUP(G135/1.54,0) -> 4 | I135: =ROUNDUP(G135/0.77,0) -> 7 | J135: =ROUNDUP(G135/0.385,0) -> 14 | K135: =G135/28 -> 0.18857143 | L135: =SUMIF('Detalle por artículo'!$K$8:$K$592,$D135,'Detalle por artículo'!$O$8:$O$592) -> 779 | M135: =SUMIF('Detalle por artículo'!$K$8:$K$592,$D135,'Detalle por artículo'!$I$8:$I$592) -> 717 | N135: =SUMIF('Detalle por artículo'!$K$8:$K$592,$D135,'Detalle por artículo'!$M$8:$M$592) -> 55 | O135: =IFERROR(G135/M135*1000,0) -> 7.3640167 | P135: =IFERROR(L135/M135*1000,0) -> 1086.4714 | Q135: =IF(F135=0,0,IF(F135<120,0.2,IF(F135>200,0.1,0.15))) -> 0.15 | R135: =G135*(1+Q135) -> 6.072 | S135: =IFERROR(SUM($G$8:G135)/$G$6,0) -> 0.74080475 | T135: =IF(S135<=0.5,"A",IF(S135<=0.84,"B","C")) -> B | U135: 0 | V135: =U135-M135 -> -717 | Y135: 717 | Z135: =Y135*O135/1000 -> 5.28 | AA135: =Z135/28 -> 0.18857143 | AB135: 0 | AC135: =IFERROR(INDEX(IMP_TOT,MATCH(D135,IMP_MOD,0)),0) -> 0 | AD135: =IFERROR(INDEX(REP_TOT,MATCH(D135,REP_MOD,0)),0) -> 0 | AE135: =IFERROR(INDEX(IMP_NT,MATCH(D135,IMP_MOD,0)),0) -> 0 | AF135: =IFERROR(AE135/TIENDAS,0) -> 0 | AG135: 0 | AH135: 0 | AI135: =IFERROR(AC135/M135,0) -> 0 | AJ135: =IFERROR(AD135/M135,0) -> 0 | AK135: =AC135*O135/1000 -> 0 | AL135: 0 | AM135: =AL135*O135/1000 -> 0 | AN135: =IFERROR(AL135/U135,0) -> 0 | AO135: =M135-AB135 -> 717 | AP135: =AO135*O135/1000 -> 5.28 | AQ135: =IFERROR((AC135+AD135)/M135,0) -> 0 | AT135: =IF(OR(W135="",AS135=""),"",AS135-W135) | AU135: =IF(M135=0,"",RANK(M135,$M$8:$M$474)) -> 302 | AV135: =IF(AB135=0,"",RANK(AB135,$AB$8:$AB$474)) | AW135: =IF(OR(AU135="",AV135=""),"",AU135-AV135)
A136: MUJER | B136: CHAQUETA MUJER | C136: CAZADORA | D136: 2622JA24 | E136: =COUNTIF('Detalle por artículo'!$K$8:$K$592,D136) -> 1 | F136: =IFERROR(L136/G136,0) -> 162.89917 | G136: =SUMIF('Detalle por artículo'!$K$8:$K$592,$D136,'Detalle por artículo'!$E$8:$E$592) -> 5.167 | H136: =ROUNDUP(G136/1.54,0) -> 4 | I136: =ROUNDUP(G136/0.77,0) -> 7 | J136: =ROUNDUP(G136/0.385,0) -> 14 | K136: =G136/28 -> 0.18453571 | L136: =SUMIF('Detalle por artículo'!$K$8:$K$592,$D136,'Detalle por artículo'!$O$8:$O$592) -> 841.7 | M136: =SUMIF('Detalle por artículo'!$K$8:$K$592,$D136,'Detalle por artículo'!$I$8:$I$592) -> 635 | N136: =SUMIF('Detalle por artículo'!$K$8:$K$592,$D136,'Detalle por artículo'!$M$8:$M$592) -> 49 | O136: =IFERROR(G136/M136*1000,0) -> 8.1370079 | P136: =IFERROR(L136/M136*1000,0) -> 1325.5118 | Q136: =IF(F136=0,0,IF(F136<120,0.2,IF(F136>200,0.1,0.15))) -> 0.15 | R136: =G136*(1+Q136) -> 5.94205 | S136: =IFERROR(SUM($G$8:G136)/$G$6,0) -> 0.74270344 | T136: =IF(S136<=0.5,"A",IF(S136<=0.84,"B","C")) -> B | U136: 635 | V136: =U136-M136 -> 0 | W136: 46286 | X136: 46286 | Y136: 0 | Z136: =Y136*O136/1000 -> 0 | AA136: =Z136/28 -> 0 | AB136: 42 | AC136: =IFERROR(INDEX(IMP_TOT,MATCH(D136,IMP_MOD,0)),0) -> 36 | AD136: =IFERROR(INDEX(REP_TOT,MATCH(D136,REP_MOD,0)),0) -> 0 | AE136: =IFERROR(INDEX(IMP_NT,MATCH(D136,IMP_MOD,0)),0) -> 1 | AF136: =IFERROR(AE136/TIENDAS,0) -> 0.02 | AG136: 6 | AH136: 0 | AI136: =IFERROR(AC136/M136,0) -> 0.056692913 | AJ136: =IFERROR(AD136/M136,0) -> 0 | AK136: =AC136*O136/1000 -> 0.29293228 | AL136: 593 | AM136: =AL136*O136/1000 -> 4.8252457 | AN136: =IFERROR(AL136/U136,0) -> 0.93385827 | AO136: =M136-AB136 -> 593 | AP136: =AO136*O136/1000 -> 4.8252457 | AQ136: =IFERROR((AC136+AD136)/M136,0) -> 0.056692913 | AR136: 46293 | AS136: 46294 | AT136: =IF(OR(W136="",AS136=""),"",AS136-W136) -> 8 | AU136: =IF(M136=0,"",RANK(M136,$M$8:$M$474)) -> 371 | AV136: =IF(AB136=0,"",RANK(AB136,$AB$8:$AB$474)) -> 404 | AW136: =IF(OR(AU136="",AV136=""),"",AU136-AV136) -> -33
A137: HOMBRE | B137: CAMISA MANGA LARGA HOMBRE | C137: SOBRECAMISA | D137: 2621CL58 | E137: =COUNTIF('Detalle por artículo'!$K$8:$K$592,D137) -> 1 | F137: =IFERROR(L137/G137,0) -> 155.27756 | G137: =SUMIF('Detalle por artículo'!$K$8:$K$592,$D137,'Detalle por artículo'!$E$8:$E$592) -> 5.116 | H137: =ROUNDUP(G137/1.54,0) -> 4 | I137: =ROUNDUP(G137/0.77,0) -> 7 | J137: =ROUNDUP(G137/0.385,0) -> 14 | K137: =G137/28 -> 0.18271429 | L137: =SUMIF('Detalle por artículo'!$K$8:$K$592,$D137,'Detalle por artículo'!$O$8:$O$592) -> 794.4 | M137: =SUMIF('Detalle por artículo'!$K$8:$K$592,$D137,'Detalle por artículo'!$I$8:$I$592) -> 971 | N137: =SUMIF('Detalle por artículo'!$K$8:$K$592,$D137,'Detalle por artículo'!$M$8:$M$592) -> 49 | O137: =IFERROR(G137/M137*1000,0) -> 5.2687951 | P137: =IFERROR(L137/M137*1000,0) -> 818.12564 | Q137: =IF(F137=0,0,IF(F137<120,0.2,IF(F137>200,0.1,0.15))) -> 0.15 | R137: =G137*(1+Q137) -> 5.8834 | S137: =IFERROR(SUM($G$8:G137)/$G$6,0) -> 0.74458338 | T137: =IF(S137<=0.5,"A",IF(S137<=0.84,"B","C")) -> B | U137: 971 | V137: =U137-M137 -> 0 | W137: 46272 | X137: 46272 | Y137: 971 | Z137: =Y137*O137/1000 -> 5.116 | AA137: =Z137/28 -> 0.18271429 | AB137: 551 | AC137: =IFERROR(INDEX(IMP_TOT,MATCH(D137,IMP_MOD,0)),0) -> 440 | AD137: =IFERROR(INDEX(REP_TOT,MATCH(D137,REP_MOD,0)),0) -> 101 | AE137: =IFERROR(INDEX(IMP_NT,MATCH(D137,IMP_MOD,0)),0) -> 47 | AF137: =IFERROR(AE137/TIENDAS,0) -> 0.94 | AG137: 2 | AH137: 8 | AI137: =IFERROR(AC137/M137,0) -> 0.45314109 | AJ137: =IFERROR(AD137/M137,0) -> 0.10401648 | AK137: =AC137*O137/1000 -> 2.3182698 | AL137: 420 | AM137: =AL137*O137/1000 -> 2.2128939 | AN137: =IFERROR(AL137/U137,0) -> 0.43254377 | AO137: =M137-AB137 -> 420 | AP137: =AO137*O137/1000 -> 2.2128939 | AQ137: =IFERROR((AC137+AD137)/M137,0) -> 0.55715757 | AR137: 46274 | AS137: 46275 | AT137: =IF(OR(W137="",AS137=""),"",AS137-W137) -> 3 | AU137: =IF(M137=0,"",RANK(M137,$M$8:$M$474)) -> 179 | AV137: =IF(AB137=0,"",RANK(AB137,$AB$8:$AB$474)) -> 236 | AW137: =IF(OR(AU137="",AV137=""),"",AU137-AV137) -> -57
A138: HOMBRE | B138: CHAQUETA HOMBRE | C138: CAZADORA | D138: 2621JA12 | E138: =COUNTIF('Detalle por artículo'!$K$8:$K$592,D138) -> 1 | F138: =IFERROR(L138/G138,0) -> 244.62308 | G138: =SUMIF('Detalle por artículo'!$K$8:$K$592,$D138,'Detalle por artículo'!$E$8:$E$592) -> 5.1005 | H138: =ROUNDUP(G138/1.54,0) -> 4 | I138: =ROUNDUP(G138/0.77,0) -> 7 | J138: =ROUNDUP(G138/0.385,0) -> 14 | K138: =G138/28 -> 0.18216071 | L138: =SUMIF('Detalle por artículo'!$K$8:$K$592,$D138,'Detalle por artículo'!$O$8:$O$592) -> 1247.7 | M138: =SUMIF('Detalle por artículo'!$K$8:$K$592,$D138,'Detalle por artículo'!$I$8:$I$592) -> 874 | N138: =SUMIF('Detalle por artículo'!$K$8:$K$592,$D138,'Detalle por artículo'!$M$8:$M$592) -> 46 | O138: =IFERROR(G138/M138*1000,0) -> 5.8358124 | P138: =IFERROR(L138/M138*1000,0) -> 1427.5744 | Q138: =IF(F138=0,0,IF(F138<120,0.2,IF(F138>200,0.1,0.15))) -> 0.1 | R138: =G138*(1+Q138) -> 5.61055 | S138: =IFERROR(SUM($G$8:G138)/$G$6,0) -> 0.74645763 | T138: =IF(S138<=0.5,"A",IF(S138<=0.84,"B","C")) -> B | U138: 874 | V138: =U138-M138 -> 0 | W138: 46237 | X138: 46237 | Y138: 0 | Z138: =Y138*O138/1000 -> 0 | AA138: =Z138/28 -> 0 | AB138: 657 | AC138: =IFERROR(INDEX(IMP_TOT,MATCH(D138,IMP_MOD,0)),0) -> 456 | AD138: =IFERROR(INDEX(REP_TOT,MATCH(D138,REP_MOD,0)),0) -> 192 | AE138: =IFERROR(INDEX(IMP_NT,MATCH(D138,IMP_MOD,0)),0) -> 47 | AF138: =IFERROR(AE138/TIENDAS,0) -> 0.94 | AG138: 1 | AH138: 8 | AI138: =IFERROR(AC138/M138,0) -> 0.52173913 | AJ138: =IFERROR(AD138/M138,0) -> 0.21967963 | AK138: =AC138*O138/1000 -> 2.6611304 | AL138: 214 | AM138: =AL138*O138/1000 -> 1.2488638 | AN138: =IFERROR(AL138/U138,0) -> 0.24485126 | AO138: =M138-AB138 -> 217 | AP138: =AO138*O138/1000 -> 1.2663713 | AQ138: =IFERROR((AC138+AD138)/M138,0) -> 0.74141876 | AR138: 46257 | AS138: 46258 | AT138: =IF(OR(W138="",AS138=""),"",AS138-W138) -> 21 | AU138: =IF(M138=0,"",RANK(M138,$M$8:$M$474)) -> 205 | AV138: =IF(AB138=0,"",RANK(AB138,$AB$8:$AB$474)) -> 151 | AW138: =IF(OR(AU138="",AV138=""),"",AU138-AV138) -> 54
...

Sheet Indicadores
A1: KOROSHI · MASTER OI 26/27 · Indicadores
A2: Fuente Odoo: nath.tuctuc.com (KOROSHI, empresa 8), extraído el 27/10/2026. Modelos del packing list (hoja MASTER por modelo).
A4: Foto global
A5: Concepto | B5: Uds | C5: m³ | D5: % uds s/ comprado | E5: % uds s/ recibido | F5: TEUs | G5: Palets | H5: Cómo se calcula
A6: Comprado (packing list) | B6: ='MASTER por modelo'!$M$6 -> 543206 | C6: ='MASTER por modelo'!$G$6 -> 2721.3566 | D6: =IFERROR(B6/$B$6,0) -> 1 | E6: =IFERROR(B6/$B$7,0) -> 1.0353782 | F6: =C6/28 -> 97.191307 | G6: =ROUNDUP(C6/1.54,0) -> 1768 | H6: Suma del PL (hoja Detalle).
A7: Recibido en Odoo | B7: ='MASTER por modelo'!$U$6 -> 524645 | C7: =SUMPRODUCT('MASTER por modelo'!$U$8:$U$474,'MASTER por modelo'!$O$8:$O$474)/1000 -> 2654.6185 | D7: =IFERROR(B7/$B$6,0) -> 0.96583064 | E7: =IFERROR(B7/$B$7,0) -> 1 | F7: =C7/28 -> 94.807803 | G7: =ROUNDUP(C7/1.54,0) -> 1724 | H7: Entradas validadas (recepciones) del modelo.
A8: Pendiente de recibir | B8: ='MASTER por modelo'!$Y$6 -> 53198 | C8: =SUMPRODUCT('MASTER por modelo'!$Y$8:$Y$474,'MASTER por modelo'!$O$8:$O$474)/1000 -> 312.15698 | D8: =IFERROR(B8/$B$6,0) -> 0.097933381 | E8: =IFERROR(B8/$B$7,0) -> 0.10139809 | F8: =C8/28 -> 11.148463 | G8: =ROUNDUP(C8/1.54,0) -> 203 | H8: Recepciones abiertas en Odoo.
A9: Salidas totales | B9: ='MASTER por modelo'!$AB$6 -> 278739 | C9: =SUMPRODUCT('MASTER por modelo'!$AB$8:$AB$474,'MASTER por modelo'!$O$8:$O$474)/1000 -> 1080.1711 | D9: =IFERROR(B9/$B$6,0) -> 0.51313682 | E9: =IFERROR(B9/$B$7,0) -> 0.53129068 | F9: =C9/28 -> 38.57754 | G9: =ROUNDUP(C9/1.54,0) -> 702 | H9: Implantación + reposición + web + otros.
A10: Implantación inicial | B10: ='MASTER por modelo'!$AC$6 -> 191199 | C10: =SUMPRODUCT('MASTER por modelo'!$AC$8:$AC$474,'MASTER por modelo'!$O$8:$O$474)/1000 -> 745.16204 | D10: =IFERROR(B10/$B$6,0) -> 0.35198249 | E10: =IFERROR(B10/$B$7,0) -> 0.364435 | F10: =C10/28 -> 26.61293 | G10: =ROUNDUP(C10/1.54,0) -> 484 | H10: Por tienda: lo que sale a cada tienda en los 5 días siguientes a su primer envío del modelo.
A11: Reposición | B11: ='MASTER por modelo'!$AD$6 -> 84069 | C11: =SUMPRODUCT('MASTER por modelo'!$AD$8:$AD$474,'MASTER por modelo'!$O$8:$O$474)/1000 -> 322.12668 | D11: =IFERROR(B11/$B$6,0) -> 0.15476449 | E11: =IFERROR(B11/$B$7,0) -> 0.16023978 | F11: =C11/28 -> 11.504524 | G11: =ROUNDUP(C11/1.54,0) -> 210 | H11: Resto de salidas a cada tienda (S-666…).
A12: Web | B12: ='MASTER por modelo'!$AG$6 -> 1531 | C12: =SUMPRODUCT('MASTER por modelo'!$AG$8:$AG$474,'MASTER por modelo'!$O$8:$O$474)/1000 -> 7.1613461 | D12: =IFERROR(B12/$B$6,0) -> 0.0028184519 | E12: =IFERROR(B12/$B$7,0) -> 0.0029181637 | F12: =C12/28 -> 0.25576236 | G12: =ROUNDUP(C12/1.54,0) -> 5 | H12: Pedidos W-.
A13: Otros | B13: ='MASTER por modelo'!$AH$6 -> 4638 | C13: =SUMPRODUCT('MASTER por modelo'!$AH$8:$AH$474,'MASTER por modelo'!$O$8:$O$474)/1000 -> 18.117231 | D13: =IFERROR(B13/$B$6,0) -> 0.0085381973 | E13: =IFERROR(B13/$B$7,0) -> 0.0088402634 | F13: =C13/28 -> 0.64704397 | G13: =ROUNDUP(C13/1.54,0) -> 12 | H13: Otros orígenes.
A14: Stock actual | B14: ='MASTER por modelo'!$AL$6 -> 245432 | C14: =SUMPRODUCT('MASTER por modelo'!$AL$8:$AL$474,'MASTER por modelo'!$O$8:$O$474)/1000 -> 1573.3122 | D14: =IFERROR(B14/$B$6,0) -> 0.45182122 | E14: =IFERROR(B14/$B$7,0) -> 0.46780585 | F14: =C14/28 -> 56.18972 | G14: =ROUNDUP(C14/1.54,0) -> 1022 | H14: Stock en Odoo hoy.
A15: Pendiente de servir (comprado − salidas) | B15: ='MASTER por modelo'!$AO$6 -> 259031 | C15: =SUMPRODUCT('MASTER por modelo'!$AO$8:$AO$474,'MASTER por modelo'!$O$8:$O$474)/1000 -> 1630.7645 | D15: =IFERROR(B15/$B$6,0) -> 0.47685593 | E15: =IFERROR(B15/$B$7,0) -> 0.49372623 | F15: =C15/28 -> 58.241588 | G15: =ROUNDUP(C15/1.54,0) -> 1059 | H15: Lo que queda por salir de lo comprado.
A17: Indicadores clave
A18: Indicador | B18: Valor | H18: Cómo se calcula
A19: % implantación (s/ comprado) | B19: =IFERROR(B10/B6,0) -> 0.35198249 | H19: Implantación por tienda ÷ uds compradas.
A20: % reposición (s/ comprado) | B20: =IFERROR(B11/B6,0) -> 0.15476449 | H20: Reposición ÷ uds compradas.
A21: % implantación en m³ (s/ m³ comprados) | B21: =IFERROR(C10/C6,0) -> 0.27382007 | H21: De todos los m³ de la temporada, cuántos han ido a implantación.
A22: % stock (s/ recibido) | B22: =IFERROR(B14/B7,0) -> 0.46780585 | H22: Stock actual ÷ recibido.
A23: Eficacia (implantación + reposición / comprado) | B23: =IFERROR((B10+B11)/B6,0) -> 0.50674698 | H23: Lo que ha ido a tiendas de lo comprado.
A24: % tiendas implantadas (media por modelo) | B24: =AVERAGE('MASTER por modelo'!$AF$8:$AF$474) -> 0.74942184 | H24: De las tiendas físicas, cuántas han recibido implantación de cada modelo.
A25: % volumen que queda (pendiente servir m³ / comprado m³) | B25: =IFERROR(C15/C6,0) -> 0.59924689 | H25: Volumen que falta por salir.
A26: TEUs recibidos | B26: =F7 -> 94.807803 | H26: m³ recibidos ÷ 28.
A27: TEUs pendientes de recibir | B27: =F8 -> 11.148463 | H27: m³ pendientes ÷ 28.
A28: Días medios 1ª recepción → implantación | B28: ='MASTER por modelo'!$AT$6 -> 10.753555 | H28: Media por modelo.
A29: Días mediana 1ª recepción → implantación | B29: =MEDIAN('MASTER por modelo'!$AT$8:$AT$474) -> 8 | H29: Mediana por modelo.
A30: Densidad media (kg/m³) | B30: ='MASTER por modelo'!$F$6 -> 139.91251 | H30: Peso neto ÷ CBM (ponderada).
A31: Litros por unidad (media ponderada) | B31: ='MASTER por modelo'!$O$6 -> 5.0098059 | H31: CBM ÷ uds × 1.000.
A32: Modelos clase A (50 % del CBM) | B32: =COUNTIF('MASTER por modelo'!$T$8:$T$474,"A") -> 44 | H32: Ordenados por CBM de mayor a menor.
A33: Modelos clase A+B (84 % del CBM) | B33: =COUNTIF('MASTER por modelo'!$T$8:$T$474,"A")+COUNTIF('MASTER por modelo'!$T$8:$T$474,"B") -> 191
A34: Modelos sin salidas | B34: =COUNTIFS('MASTER por modelo'!$AB$8:$AB$474,0,'MASTER por modelo'!$U$8:$U$474,">0") -> 17 | H34: Recibidos pero sin ninguna salida.
A36: Por familia
A37: Grupo | B37: Modelos | C37: Comprado uds | D37: CBM comprado | E37: Recibido uds | F37: Pendiente recibir uds | G37: Salidas uds | H37: Implantación uds | I37: Reposición uds | J37: Stock uds | K37: % implantación (s/ comprado) | L37: % stock (s/ recibido) | M37: Eficacia | N37: TEUs pendientes | O37: % del CBM
A38: CHAQUETA HOMBRE | B38: =COUNTIF('MASTER por modelo'!$B$8:$B$474,$A38) -> 64 | C38: =SUMIF('MASTER por modelo'!$B$8:$B$474,$A38,'MASTER por modelo'!$M$8:$M$474) -> 116452 | D38: =SUMIF('MASTER por modelo'!$B$8:$B$474,$A38,'MASTER por modelo'!$G$8:$G$474) -> 990.6048 | E38: =SUMIF('MASTER por modelo'!$B$8:$B$474,$A38,'MASTER por modelo'!$U$8:$U$474) -> 113153 | F38: =SUMIF('MASTER por modelo'!$B$8:$B$474,$A38,'MASTER por modelo'!$Y$8:$Y$474) -> 25240 | G38: =SUMIF('MASTER por modelo'!$B$8:$B$474,$A38,'MASTER por modelo'!$AB$8:$AB$474) -> 45653 | H38: =SUMIF('MASTER por modelo'!$B$8:$B$474,$A38,'MASTER por modelo'!$AC$8:$AC$474) -> 28637 | I38: =SUMIF('MASTER por modelo'!$B$8:$B$474,$A38,'MASTER por modelo'!$AD$8:$AD$474) -> 16613 | J38: =SUMIF('MASTER por modelo'!$B$8:$B$474,$A38,'MASTER por modelo'!$AL$8:$AL$474) -> 67506 | K38: =IFERROR(H38/C38,0) -> 0.24591248 | L38: =IFERROR(J38/E38,0) -> 0.59659046 | M38: =IFERROR((H38+I38)/C38,0) -> 0.38857212 | N38: =SUMIF('MASTER por modelo'!$B$8:$B$474,$A38,'MASTER por modelo'!$AA$8:$AA$474) -> 6.3978104 | O38: =IFERROR(D38/'MASTER por modelo'!$G$6,0) -> 0.36401139
A39: CHAQUETA MUJER | B39: =COUNTIF('MASTER por modelo'!$B$8:$B$474,$A39) -> 38 | C39: =SUMIF('MASTER por modelo'!$B$8:$B$474,$A39,'MASTER por modelo'!$M$8:$M$474) -> 67577 | D39: =SUMIF('MASTER por modelo'!$B$8:$B$474,$A39,'MASTER por modelo'!$G$8:$G$474) -> 698.429 | E39: =SUMIF('MASTER por modelo'!$B$8:$B$474,$A39,'MASTER por modelo'!$U$8:$U$474) -> 67597 | F39: =SUMIF('MASTER por modelo'!$B$8:$B$474,$A39,'MASTER por modelo'!$Y$8:$Y$474) -> 4716 | G39: =SUMIF('MASTER por modelo'!$B$8:$B$474,$A39,'MASTER por modelo'!$AB$8:$AB$474) -> 22728 | H39: =SUMIF('MASTER por modelo'!$B$8:$B$474,$A39,'MASTER por modelo'!$AC$8:$AC$474) -> 17016 | I39: =SUMIF('MASTER por modelo'!$B$8:$B$474,$A39,'MASTER por modelo'!$AD$8:$AD$474) -> 5250 | J39: =SUMIF('MASTER por modelo'!$B$8:$B$474,$A39,'MASTER por modelo'!$AL$8:$AL$474) -> 44797 | K39: =IFERROR(H39/C39,0) -> 0.25180165 | L39: =IFERROR(J39/E39,0) -> 0.66270692 | M39: =IFERROR((H39+I39)/C39,0) -> 0.3294908 | N39: =SUMIF('MASTER por modelo'!$B$8:$B$474,$A39,'MASTER por modelo'!$AA$8:$AA$474) -> 1.7484451 | O39: =IFERROR(D39/'MASTER por modelo'!$G$6,0) -> 0.25664736
A40: TRICOT HOMBRE | B40: =COUNTIF('MASTER por modelo'!$B$8:$B$474,$A40) -> 34 | C40: =SUMIF('MASTER por modelo'!$B$8:$B$474,$A40,'MASTER por modelo'!$M$8:$M$474) -> 50669 | D40: =SUMIF('MASTER por modelo'!$B$8:$B$474,$A40,'MASTER por modelo'!$G$8:$G$474) -> 189.7362 | E40: =SUMIF('MASTER por modelo'!$B$8:$B$474,$A40,'MASTER por modelo'!$U$8:$U$474) -> 49293 | F40: =SUMIF('MASTER por modelo'!$B$8:$B$474,$A40,'MASTER por modelo'!$Y$8:$Y$474) -> 2353 | G40: =SUMIF('MASTER por modelo'!$B$8:$B$474,$A40,'MASTER por modelo'!$AB$8:$AB$474) -> 15118 | H40: =SUMIF('MASTER por modelo'!$B$8:$B$474,$A40,'MASTER por modelo'!$AC$8:$AC$474) -> 11367 | I40: =SUMIF('MASTER por modelo'!$B$8:$B$474,$A40,'MASTER por modelo'!$AD$8:$AD$474) -> 3461 | J40: =SUMIF('MASTER por modelo'!$B$8:$B$474,$A40,'MASTER por modelo'!$AL$8:$AL$474) -> 34224 | K40: =IFERROR(H40/C40,0) -> 0.22433835 | L40: =IFERROR(J40/E40,0) -> 0.69429736 | M40: =IFERROR((H40+I40)/C40,0) -> 0.29264442 | N40: =SUMIF('MASTER por modelo'!$B$8:$B$474,$A40,'MASTER por modelo'!$AA$8:$AA$474) -> 0.30715097 | O40: =IFERROR(D40/'MASTER por modelo'!$G$6,0) -> 0.069721182
A41: PANTALON LARGO HOMBRE | B41: =COUNTIF('MASTER por modelo'!$B$8:$B$474,$A41) -> 54 | C41: =SUMIF('MASTER por modelo'!$B$8:$B$474,$A41,'MASTER por modelo'!$M$8:$M$474) -> 71256 | D41: =SUMIF('MASTER por modelo'!$B$8:$B$474,$A41,'MASTER por modelo'!$G$8:$G$474) -> 149.887 | E41: =SUMIF('MASTER por modelo'!$B$8:$B$474,$A41,'MASTER por modelo'!$U$8:$U$474) -> 68784 | F41: =SUMIF('MASTER por modelo'!$B$8:$B$474,$A41,'MASTER por modelo'!$Y$8:$Y$474) -> 43 | G41: =SUMIF('MASTER por modelo'!$B$8:$B$474,$A41,'MASTER por modelo'!$AB$8:$AB$474) -> 42173 | H41: =SUMIF('MASTER por modelo'!$B$8:$B$474,$A41,'MASTER por modelo'!$AC$8:$AC$474) -> 25311 | I41: =SUMIF('MASTER por modelo'!$B$8:$B$474,$A41,'MASTER por modelo'!$AD$8:$AD$474) -> 16311 | J41: =SUMIF('MASTER por modelo'!$B$8:$B$474,$A41,'MASTER por modelo'!$AL$8:$AL$474) -> 26482 | K41: =IFERROR(H41/C41,0) -> 0.35521219 | L41: =IFERROR(J41/E41,0) -> 0.38500233 | M41: =IFERROR((H41+I41)/C41,0) -> 0.58411923 | N41: =SUMIF('MASTER por modelo'!$B$8:$B$474,$A41,'MASTER por modelo'!$AA$8:$AA$474) -> 0.0042500669 | O41: =IFERROR(D41/'MASTER por modelo'!$G$6,0) -> 0.055078045
A42: SUDADERA HOMBRE | B42: =COUNTIF('MASTER por modelo'!$B$8:$B$474,$A42) -> 29 | C42: =SUMIF('MASTER por modelo'!$B$8:$B$474,$A42,'MASTER por modelo'!$M$8:$M$474) -> 31563 | D42: =SUMIF('MASTER por modelo'!$B$8:$B$474,$A42,'MASTER por modelo'!$G$8:$G$474) -> 126.6176 | E42: =SUMIF('MASTER por modelo'!$B$8:$B$474,$A42,'MASTER por modelo'!$U$8:$U$474) -> 26806 | F42: =SUMIF('MASTER por modelo'!$B$8:$B$474,$A42,'MASTER por modelo'!$Y$8:$Y$474) -> 4802 | G42: =SUMIF('MASTER por modelo'!$B$8:$B$474,$A42,'MASTER por modelo'!$AB$8:$AB$474) -> 15940 | H42: =SUMIF('MASTER por modelo'!$B$8:$B$474,$A42,'MASTER por modelo'!$AC$8:$AC$474) -> 9619 | I42: =SUMIF('MASTER por modelo'!$B$8:$B$474,$A42,'MASTER por modelo'!$AD$8:$AD$474) -> 6065 | J42: =SUMIF('MASTER por modelo'!$B$8:$B$474,$A42,'MASTER por modelo'!$AL$8:$AL$474) -> 10852 | K42: =IFERROR(H42/C42,0) -> 0.30475557 | L42: =IFERROR(J42/E42,0) -> 0.40483474 | M42: =IFERROR((H42+I42)/C42,0) -> 0.49691094 | N42: =SUMIF('MASTER por modelo'!$B$8:$B$474,$A42,'MASTER por modelo'!$AA$8:$AA$474) -> 0.6259256 | O42: =IFERROR(D42/'MASTER por modelo'!$G$6,0) -> 0.046527383
A43: TRICOT MUJER | B43: =COUNTIF('MASTER por modelo'!$B$8:$B$474,$A43) -> 27 | C43: =SUMIF('MASTER por modelo'!$B$8:$B$474,$A43,'MASTER por modelo'!$M$8:$M$474) -> 26994 | D43: =SUMIF('MASTER por modelo'!$B$8:$B$474,$A43,'MASTER por modelo'!$G$8:$G$474) -> 101.66 | E43: =SUMIF('MASTER por modelo'!$B$8:$B$474,$A43,'MASTER por modelo'!$U$8:$U$474) -> 26993 | F43: =SUMIF('MASTER por modelo'!$B$8:$B$474,$A43,'MASTER por modelo'!$Y$8:$Y$474) -> 32 | G43: =SUMIF('MASTER por modelo'!$B$8:$B$474,$A43,'MASTER por modelo'!$AB$8:$AB$474) -> 10177 | H43: =SUMIF('MASTER por modelo'!$B$8:$B$474,$A43,'MASTER por modelo'!$AC$8:$AC$474) -> 8189 | I43: =SUMIF('MASTER por modelo'!$B$8:$B$474,$A43,'MASTER por modelo'!$AD$8:$AD$474) -> 1548 | J43: =SUMIF('MASTER por modelo'!$B$8:$B$474,$A43,'MASTER por modelo'!$AL$8:$AL$474) -> 16812 | K43: =IFERROR(H43/C43,0) -> 0.30336371 | L43: =IFERROR(J43/E43,0) -> 0.62282814 | M43: =IFERROR((H43+I43)/C43,0) -> 0.36070979 | N43: =SUMIF('MASTER por modelo'!$B$8:$B$474,$A43,'MASTER por modelo'!$AA$8:$AA$474) -> 0.0057777337 | O43: =IFERROR(D43/'MASTER por modelo'!$G$6,0) -> 0.037356369
A44: PANTALON LARGO MUJER | B44: =COUNTIF('MASTER por modelo'!$B$8:$B$474,$A44) -> 44 | C44: =SUMIF('MASTER por modelo'!$B$8:$B$474,$A44,'MASTER por modelo'!$M$8:$M$474) -> 38388 | D44: =SUMIF('MASTER por modelo'!$B$8:$B$474,$A44,'MASTER por modelo'!$G$8:$G$474) -> 86.2054 | E44: =SUMIF('MASTER por modelo'!$B$8:$B$474,$A44,'MASTER por modelo'!$U$8:$U$474) -> 36435 | F44: =SUMIF('MASTER por modelo'!$B$8:$B$474,$A44,'MASTER por modelo'!$Y$8:$Y$474) -> 1994 | G44: =SUMIF('MASTER por modelo'!$B$8:$B$474,$A44,'MASTER por modelo'!$AB$8:$AB$474) -> 26265 | H44: =SUMIF('MASTER por modelo'!$B$8:$B$474,$A44,'MASTER por modelo'!$AC$8:$AC$474) -> 17895 | I44: =SUMIF('MASTER por modelo'!$B$8:$B$474,$A44,'MASTER por modelo'!$AD$8:$AD$474) -> 8203 | J44: =SUMIF('MASTER por modelo'!$B$8:$B$474,$A44,'MASTER por modelo'!$AL$8:$AL$474) -> 10150 | K44: =IFERROR(H44/C44,0) -> 0.4661613 | L44: =IFERROR(J44/E44,0) -> 0.27857829 | M44: =IFERROR((H44+I44)/C44,0) -> 0.67984787 | N44: =SUMIF('MASTER por modelo'!$B$8:$B$474,$A44,'MASTER por modelo'!$AA$8:$AA$474) -> 0.18718362 | O44: =IFERROR(D44/'MASTER por modelo'!$G$6,0) -> 0.031677363
A45: CAMISA MANGA LARGA HOMBRE | B45: =COUNTIF('MASTER por modelo'!$B$8:$B$474,$A45) -> 21 | C45: =SUMIF('MASTER por modelo'!$B$8:$B$474,$A45,'MASTER por modelo'!$M$8:$M$474) -> 17128 | D45: =SUMIF('MASTER por modelo'!$B$8:$B$474,$A45,'MASTER por modelo'!$G$8:$G$474) -> 51.9586 | E45: =SUMIF('MASTER por modelo'!$B$8:$B$474,$A45,'MASTER por modelo'!$U$8:$U$474) -> 17877 | F45: =SUMIF('MASTER por modelo'!$B$8:$B$474,$A45,'MASTER por modelo'!$Y$8:$Y$474) -> 2149 | G45: =SUMIF('MASTER por modelo'!$B$8:$B$474,$A45,'MASTER por modelo'!$AB$8:$AB$474) -> 14259 | H45: =SUMIF('MASTER por modelo'!$B$8:$B$474,$A45,'MASTER por modelo'!$AC$8:$AC$474) -> 10494 | I45: =SUMIF('MASTER por modelo'!$B$8:$B$474,$A45,'MASTER por modelo'!$AD$8:$AD$474) -> 3461 | J45: =SUMIF('MASTER por modelo'!$B$8:$B$474,$A45,'MASTER por modelo'!$AL$8:$AL$474) -> 3565 | K45: =IFERROR(H45/C45,0) -> 0.61268099 | L45: =IFERROR(J45/E45,0) -> 0.19941825 | M45: =IFERROR((H45+I45)/C45,0) -> 0.81474778 | N45: =SUMIF('MASTER por modelo'!$B$8:$B$474,$A45,'MASTER por modelo'!$AA$8:$AA$474) -> 0.35993204 | O45: =IFERROR(D45/'MASTER por modelo'!$G$6,0) -> 0.019092904
A46: SUDADERA MUJER | B46: =COUNTIF('MASTER por modelo'!$B$8:$B$474,$A46) -> 7 | C46: =SUMIF('MASTER por modelo'!$B$8:$B$474,$A46,'MASTER por modelo'!$M$8:$M$474) -> 8390 | D46: =SUMIF('MASTER por modelo'!$B$8:$B$474,$A46,'MASTER por modelo'!$G$8:$G$474) -> 49.572 | E46: =SUMIF('MASTER por modelo'!$B$8:$B$474,$A46,'MASTER por modelo'!$U$8:$U$474) -> 8395 | F46: =SUMIF('MASTER por modelo'!$B$8:$B$474,$A46,'MASTER por modelo'!$Y$8:$Y$474) -> 14 | G46: =SUMIF('MASTER por modelo'!$B$8:$B$474,$A46,'MASTER por modelo'!$AB$8:$AB$474) -> 7021 | H46: =SUMIF('MASTER por modelo'!$B$8:$B$474,$A46,'MASTER por modelo'!$AC$8:$AC$474) -> 3371 | I46: =SUMIF('MASTER por modelo'!$B$8:$B$474,$A46,'MASTER por modelo'!$AD$8:$AD$474) -> 3493 | J46: =SUMIF('MASTER por modelo'!$B$8:$B$474,$A46,'MASTER por modelo'!$AL$8:$AL$474) -> 1362 | K46: =IFERROR(H46/C46,0) -> 0.40178784 | L46: =IFERROR(J46/E46,0) -> 0.16223943 | M46: =IFERROR((H46+I46)/C46,0) -> 0.81811681 | N46: =SUMIF('MASTER por modelo'!$B$8:$B$474,$A46,'MASTER por modelo'!$AA$8:$AA$474) -> 0.0032506931 | O46: =IFERROR(D46/'MASTER por modelo'!$G$6,0) -> 0.018215915
