Workbook

Sheet Por delegación
A1: Delegación | B1: Tiendas | C1: Pedidos | D1: Nº pedidos | E1: Unidades | F1: Bultos | G1: Palets
A2: BENAVENTE | B2: K43 | C2: S-6665003382, S-6665003434 | D2: 2 | E2: =SUMIF(Detalle!$A$2:$A$54,A2,Detalle!$E$2:$E$54) | F2: =SUMIF(Detalle!$A$2:$A$54,A2,Detalle!$F$2:$F$54) | G2: =MAX(1,ROUNDUP(F2/$B$23,0))
A3: BILBAO | B3: K9, K38 | C3: S-6665003367, S-6665003378, S-6665003419, S-6665003430 | D3: 4 | E3: =SUMIF(Detalle!$A$2:$A$54,A3,Detalle!$E$2:$E$54) | F3: =SUMIF(Detalle!$A$2:$A$54,A3,Detalle!$F$2:$F$54) | G3: =MAX(1,ROUNDUP(F3/$B$23,0))
A4: CASTELLBISBAL | B4: K42, K65, K72 | C4: S-6665003381, S-6665003397, S-6665003401, S-6665003433, S-6665003449, S-6665003453 | D4: 6 | E4: =SUMIF(Detalle!$A$2:$A$54,A4,Detalle!$E$2:$E$54) | F4: =SUMIF(Detalle!$A$2:$A$54,A4,Detalle!$F$2:$F$54) | G4: =MAX(1,ROUNDUP(F4/$B$23,0))
A5: CASTELLÓN | B5: K74 | C5: S-6665003403 | D5: 1 | E5: =SUMIF(Detalle!$A$2:$A$54,A5,Detalle!$E$2:$E$54) | F5: =SUMIF(Detalle!$A$2:$A$54,A5,Detalle!$F$2:$F$54) | G5: =MAX(1,ROUNDUP(F5/$B$23,0))
A6: CORUÑA | B6: K29 | C6: S-6665003373, S-6665003425 | D6: 2 | E6: =SUMIF(Detalle!$A$2:$A$54,A6,Detalle!$E$2:$E$54) | F6: =SUMIF(Detalle!$A$2:$A$54,A6,Detalle!$F$2:$F$54) | G6: =MAX(1,ROUNDUP(F6/$B$23,0))
A7: GERONA | B7: K44 | C7: S-6665003383, S-6665003435 | D7: 2 | E7: =SUMIF(Detalle!$A$2:$A$54,A7,Detalle!$E$2:$E$54) | F7: =SUMIF(Detalle!$A$2:$A$54,A7,Detalle!$F$2:$F$54) | G7: =MAX(1,ROUNDUP(F7/$B$23,0))
A8: GIJÓN | B8: K60 | C8: S-6665003393, S-6665003445 | D8: 2 | E8: =SUMIF(Detalle!$A$2:$A$54,A8,Detalle!$E$2:$E$54) | F8: =SUMIF(Detalle!$A$2:$A$54,A8,Detalle!$F$2:$F$54) | G8: =MAX(1,ROUNDUP(F8/$B$23,0))
A9: GRANADA | B9: K59 | C9: S-6665003392, S-6665003444 | D9: 2 | E9: =SUMIF(Detalle!$A$2:$A$54,A9,Detalle!$E$2:$E$54) | F9: =SUMIF(Detalle!$A$2:$A$54,A9,Detalle!$F$2:$F$54) | G9: =MAX(1,ROUNDUP(F9/$B$23,0))
A10: IRÚN | B10: K46, K49, K83 | C10: S-6665003385, S-6665003387, S-6665003411, S-6665003437, S-6665003439 | D10: 5 | E10: =SUMIF(Detalle!$A$2:$A$54,A10,Detalle!$E$2:$E$54) | F10: =SUMIF(Detalle!$A$2:$A$54,A10,Detalle!$F$2:$F$54) | G10: =MAX(1,ROUNDUP(F10/$B$23,0))
A11: K77 (va sola) | B11: K77 | C11: S-6665003405, S-6665003415 | D11: 2 | E11: =SUMIF(Detalle!$A$2:$A$54,A11,Detalle!$E$2:$E$54) | F11: =SUMIF(Detalle!$A$2:$A$54,A11,Detalle!$F$2:$F$54) | G11: =MAX(1,ROUNDUP(F11/$B$23,0))
A12: K85 (va sola) | B12: K85 | C12: S-6665003412 | D12: 1 | E12: =SUMIF(Detalle!$A$2:$A$54,A12,Detalle!$E$2:$E$54) | F12: =SUMIF(Detalle!$A$2:$A$54,A12,Detalle!$F$2:$F$54) | G12: =MAX(1,ROUNDUP(F12/$B$23,0))
A13: K86 (va sola) | B13: K86 | C13: S-6665003413 | D13: 1 | E13: =SUMIF(Detalle!$A$2:$A$54,A13,Detalle!$E$2:$E$54) | F13: =SUMIF(Detalle!$A$2:$A$54,A13,Detalle!$F$2:$F$54) | G13: =MAX(1,ROUNDUP(F13/$B$23,0))
... A20: ZARAGOZA | B20: K33, K55 | C20: S-6665003375, S-6665003388, S-6665003427, S-6665003440 | D20: 4 | E20: =SUMIF(Detalle!$A$2:$A$54,A20,Detalle!$E$2:$E$54) | F20: =SUMIF(Detalle!$A$2:$A$54,A20,Detalle!$F$2:$F$54) | G20: =MAX(1,ROUNDUP(F20/$B$23,0))
A21: TOTAL | D21: =SUM(D2:D20) | E21: =SUM(E2:E20) | F21: =SUM(F2:F20) | G21: =SUM(G2:G20)
A23: Cajas por palet | B23: 16 | C23: Palets = bultos / cajas por palet, redondeando hacia arriba (minimo 1). Con 16 el 23/10 salen 32 palets, los que se cargaron. Cambia el 16 si hace falta.
A24: Datos: Odoo, OUT con etiqueta XPO generada el 23/10/2026 (~13:00). Delegaciones: lista de la etiqueta de zona (21/10/2026). K77, K85 y K86 van solas (sin delegacion). K86 con 7 bultos (corregido en Odoo, igual que XPO).

Sheet Detalle
A1: Delegación | B1: Tienda | C1: Pedido | D1: Seguimiento | E1: Unidades | F1: Bultos
A2: BENAVENTE | B2: K43 - LEÓN | C2: S-6665003382 | D2: 121770905 | E2: 15 | F2: 2
A3: BENAVENTE | B3: K43 - LEÓN | C3: S-6665003434 | D3: 121770905 | E3: 42 | F3: 3
A4: BILBAO | B4: K9 - BALLONTI | C4: S-6665003367 | D4: 121770893 | E4: 67 | F4: 9
A5: BILBAO | B5: K9 - BALLONTI | C5: S-6665003419 | D5: 121770893 | E5: 92 | F5: 7
A6: BILBAO | B6: K38 - ARTEA | C6: S-6665003378 | D6: 121770896 | E6: 65 | F6: 9
A7: BILBAO | B7: K38 - ARTEA | C7: S-6665003430 | D7: 121770896 | E7: 66 | F7: 3
A8: CASTELLBISBAL | B8: K42 - SPLAU | C8: S-6665003381 | D8: 121770900 | E8: 77 | F8: 8
A9: CASTELLBISBAL | B9: K42 - SPLAU | C9: S-6665003433 | D9: 121770900 | E9: 54 | F9: 5
A10: CASTELLBISBAL | B10: K65 - BARICENTRO | C10: S-6665003397 | D10: 121770910 | E10: 47 | F10: 7
A11: CASTELLBISBAL | B11: K65 - BARICENTRO | C11: S-6665003449 | D11: 121770910 | E11: 93 | F11: 6
A12: CASTELLBISBAL | B12: K72 - DIAGONAL MAR | C12: S-6665003401 | D12: 121770915 | E12: 80 | F12: 8
A13: CASTELLBISBAL | B13: K72 - DIAGONAL MAR | C13: S-6665003453 | D13: 121770915 | E13: 91 | F13: 7
... A54: ZARAGOZA | B54: K55 - C.C. GRANCASA | C54: S-6665003440 | D54: 121770902 | E54: 161 | F54: 11
A55: TOTAL | E55: =SUM(E2:E54) | F55: =SUM(F2:F54)
