Workbook

Sheet Pedidos hoy
A1: Tienda | B1: Pedido | C1: Seguimiento XPO | D1: Nº OUT | E1: Unidades | F1: Bultos | G1: Uds tienda | H1: Bultos tienda
A2: K7 - ISLAZUL | B2: S-6665003365 | C2: 121770892 | D2: =COUNTIF(Detalle!$B$2:$B$162,B2) | E2: =SUMIF(Detalle!$B$2:$B$162,B2,Detalle!$F$2:$F$162) | F2: =SUMIF(Detalle!$B$2:$B$162,B2,Detalle!$G$2:$G$162) | G2: =IF(COUNTIF($A$2:A2,A2)=1,SUMIF(Detalle!$A$2:$A$162,A2,Detalle!$F$2:$F$162),"") | H2: =IF(COUNTIF($A$2:A2,A2)=1,SUMIF(Detalle!$A$2:$A$162,A2,Detalle!$G$2:$G$162),"")
A3: K7 - ISLAZUL | B3: S-6665003417 | C3: 121770892 | D3: =COUNTIF(Detalle!$B$2:$B$162,B3) | E3: =SUMIF(Detalle!$B$2:$B$162,B3,Detalle!$F$2:$F$162) | F3: =SUMIF(Detalle!$B$2:$B$162,B3,Detalle!$G$2:$G$162) | G3: =IF(COUNTIF($A$2:A3,A3)=1,SUMIF(Detalle!$A$2:$A$162,A3,Detalle!$F$2:$F$162),"") | H3: =IF(COUNTIF($A$2:A3,A3)=1,SUMIF(Detalle!$A$2:$A$162,A3,Detalle!$G$2:$G$162),"")
A4: K9 - BALLONTI | B4: S-6665003367 | C4: 121770893 | D4: =COUNTIF(Detalle!$B$2:$B$162,B4) | E4: =SUMIF(Detalle!$B$2:$B$162,B4,Detalle!$F$2:$F$162) | F4: =SUMIF(Detalle!$B$2:$B$162,B4,Detalle!$G$2:$G$162) | G4: =IF(COUNTIF($A$2:A4,A4)=1,SUMIF(Detalle!$A$2:$A$162,A4,Detalle!$F$2:$F$162),"") | H4: =IF(COUNTIF($A$2:A4,A4)=1,SUMIF(Detalle!$A$2:$A$162,A4,Detalle!$G$2:$G$162),"")
A5: K9 - BALLONTI | B5: S-6665003419 | C5: 121770893 | D5: =COUNTIF(Detalle!$B$2:$B$162,B5) | E5: =SUMIF(Detalle!$B$2:$B$162,B5,Detalle!$F$2:$F$162) | F5: =SUMIF(Detalle!$B$2:$B$162,B5,Detalle!$G$2:$G$162) | G5: =IF(COUNTIF($A$2:A5,A5)=1,SUMIF(Detalle!$A$2:$A$162,A5,Detalle!$F$2:$F$162),"") | H5: =IF(COUNTIF($A$2:A5,A5)=1,SUMIF(Detalle!$A$2:$A$162,A5,Detalle!$G$2:$G$162),"")
A6: K24 - VALLADOLID | B6: S-6665003371 | C6: 121770894 | D6: =COUNTIF(Detalle!$B$2:$B$162,B6) | E6: =SUMIF(Detalle!$B$2:$B$162,B6,Detalle!$F$2:$F$162) | F6: =SUMIF(Detalle!$B$2:$B$162,B6,Detalle!$G$2:$G$162) | G6: =IF(COUNTIF($A$2:A6,A6)=1,SUMIF(Detalle!$A$2:$A$162,A6,Detalle!$F$2:$F$162),"") | H6: =IF(COUNTIF($A$2:A6,A6)=1,SUMIF(Detalle!$A$2:$A$162,A6,Detalle!$G$2:$G$162),"")
A7: K24 - VALLADOLID | B7: S-6665003423 | C7: 121770894 | D7: =COUNTIF(Detalle!$B$2:$B$162,B7) | E7: =SUMIF(Detalle!$B$2:$B$162,B7,Detalle!$F$2:$F$162) | F7: =SUMIF(Detalle!$B$2:$B$162,B7,Detalle!$G$2:$G$162) | G7: =IF(COUNTIF($A$2:A7,A7)=1,SUMIF(Detalle!$A$2:$A$162,A7,Detalle!$F$2:$F$162),"") | H7: =IF(COUNTIF($A$2:A7,A7)=1,SUMIF(Detalle!$A$2:$A$162,A7,Detalle!$G$2:$G$162),"")
A8: K29 - MARINEDA | B8: S-6665003373 | C8: 121770895 | D8: =COUNTIF(Detalle!$B$2:$B$162,B8) | E8: =SUMIF(Detalle!$B$2:$B$162,B8,Detalle!$F$2:$F$162) | F8: =SUMIF(Detalle!$B$2:$B$162,B8,Detalle!$G$2:$G$162) | G8: =IF(COUNTIF($A$2:A8,A8)=1,SUMIF(Detalle!$A$2:$A$162,A8,Detalle!$F$2:$F$162),"") | H8: =IF(COUNTIF($A$2:A8,A8)=1,SUMIF(Detalle!$A$2:$A$162,A8,Detalle!$G$2:$G$162),"")
A9: K29 - MARINEDA | B9: S-6665003425 | C9: 121770895 | D9: =COUNTIF(Detalle!$B$2:$B$162,B9) | E9: =SUMIF(Detalle!$B$2:$B$162,B9,Detalle!$F$2:$F$162) | F9: =SUMIF(Detalle!$B$2:$B$162,B9,Detalle!$G$2:$G$162) | G9: =IF(COUNTIF($A$2:A9,A9)=1,SUMIF(Detalle!$A$2:$A$162,A9,Detalle!$F$2:$F$162),"") | H9: =IF(COUNTIF($A$2:A9,A9)=1,SUMIF(Detalle!$A$2:$A$162,A9,Detalle!$G$2:$G$162),"")
A10: K33 - PUERTO VENECIA | B10: S-6665003375 | C10: 121770912 | D10: =COUNTIF(Detalle!$B$2:$B$162,B10) | E10: =SUMIF(Detalle!$B$2:$B$162,B10,Detalle!$F$2:$F$162) | F10: =SUMIF(Detalle!$B$2:$B$162,B10,Detalle!$G$2:$G$162) | G10: =IF(COUNTIF($A$2:A10,A10)=1,SUMIF(Detalle!$A$2:$A$162,A10,Detalle!$F$2:$F$162),"") | H10: =IF(COUNTIF($A$2:A10,A10)=1,SUMIF(Detalle!$A$2:$A$162,A10,Detalle!$G$2:$G$162),"")
A11: K33 - PUERTO VENECIA | B11: S-6665003427 | C11: 121770912 | D11: =COUNTIF(Detalle!$B$2:$B$162,B11) | E11: =SUMIF(Detalle!$B$2:$B$162,B11,Detalle!$F$2:$F$162) | F11: =SUMIF(Detalle!$B$2:$B$162,B11,Detalle!$G$2:$G$162) | G11: =IF(COUNTIF($A$2:A11,A11)=1,SUMIF(Detalle!$A$2:$A$162,A11,Detalle!$F$2:$F$162),"") | H11: =IF(COUNTIF($A$2:A11,A11)=1,SUMIF(Detalle!$A$2:$A$162,A11,Detalle!$G$2:$G$162),"")
A12: K38 - ARTEA | B12: S-6665003378 | C12: 121770896 | D12: =COUNTIF(Detalle!$B$2:$B$162,B12) | E12: =SUMIF(Detalle!$B$2:$B$162,B12,Detalle!$F$2:$F$162) | F12: =SUMIF(Detalle!$B$2:$B$162,B12,Detalle!$G$2:$G$162) | G12: =IF(COUNTIF($A$2:A12,A12)=1,SUMIF(Detalle!$A$2:$A$162,A12,Detalle!$F$2:$F$162),"") | H12: =IF(COUNTIF($A$2:A12,A12)=1,SUMIF(Detalle!$A$2:$A$162,A12,Detalle!$G$2:$G$162),"")
A13: K38 - ARTEA | B13: S-6665003430 | C13: 121770896 | D13: =COUNTIF(Detalle!$B$2:$B$162,B13) | E13: =SUMIF(Detalle!$B$2:$B$162,B13,Detalle!$F$2:$F$162) | F13: =SUMIF(Detalle!$B$2:$B$162,B13,Detalle!$G$2:$G$162) | G13: =IF(COUNTIF($A$2:A13,A13)=1,SUMIF(Detalle!$A$2:$A$162,A13,Detalle!$F$2:$F$162),"") | H13: =IF(COUNTIF($A$2:A13,A13)=1,SUMIF(Detalle!$A$2:$A$162,A13,Detalle!$G$2:$G$162),"")
... A54: K86 - L'ALJUB (ELX) | B54: S-6665003413 | C54: 121770918 | D54: =COUNTIF(Detalle!$B$2:$B$162,B54) | E54: =SUMIF(Detalle!$B$2:$B$162,B54,Detalle!$F$2:$F$162) | F54: =SUMIF(Detalle!$B$2:$B$162,B54,Detalle!$G$2:$G$162) | G54: =IF(COUNTIF($A$2:A54,A54)=1,SUMIF(Detalle!$A$2:$A$162,A54,Detalle!$F$2:$F$162),"") | H54: =IF(COUNTIF($A$2:A54,A54)=1,SUMIF(Detalle!$A$2:$A$162,A54,Detalle!$G$2:$G$162),"")
A55: TOTAL | B55: =COUNTA(B2:B54)&" pedidos" | D55: =SUM(D2:D54) | E55: =SUM(E2:E54) | F55: =SUM(F2:F54) | G55: =SUM(G2:G54) | H55: =SUM(H2:H54)
A57: Datos: listado de OUT de XPO sacado de Odoo: OUT con etiqueta XPO generada el 23/10/2026 (a las 13:00 aprox.). K86: la OUT 20964 tiene -4 bultos en Odoo (error del modulo de bultos): revisar.

Sheet Detalle
A1: Tienda | B1: Documento origen | C1: Referencia | D1: Transportista | E1: Seguimiento | F1: Unidades | G1: Bultos
A2: K7 - ISLAZUL | B2: S-6665003365 | C2: EFFEC/OUT/20412 | D2: XPO ES | E2: 121770892 | F2: 13 | G2: 0
A3: K7 - ISLAZUL | B3: S-6665003365 | C3: EFFEC/OUT/20779 | D3: XPO ES | E3: 121770892 | F3: 4 | G3: 1
A4: K7 - ISLAZUL | B4: S-6665003365 | C4: EFFEC/OUT/20780 | D4: XPO ES | E4: 121770892 | F4: 4 | G4: 1
A5: K7 - ISLAZUL | B5: S-6665003365 | C5: EFFEC/OUT/20781 | D5: XPO ES | E5: 121770892 | F5: 3 | G5: 0
A6: K7 - ISLAZUL | B6: S-6665003365 | C6: EFFEC/OUT/20782 | D6: XPO ES | E6: 121770892 | F6: 1 | G6: 0
A7: K7 - ISLAZUL | B7: S-6665003417 | C7: EFFEC/OUT/21040 | D7: XPO ES | E7: 121770892 | F7: 83 | G7: 6
A8: K9 - BALLONTI | B8: S-6665003367 | C8: EFFEC/OUT/20414 | D8: XPO ES | E8: 121770893 | F8: 17 | G8: 1
A9: K9 - BALLONTI | B9: S-6665003367 | C9: EFFEC/OUT/20787 | D9: XPO ES | E9: 121770893 | F9: 6 | G9: 1
A10: K9 - BALLONTI | B10: S-6665003367 | C10: EFFEC/OUT/20788 | D10: XPO ES | E10: 121770893 | F10: 11 | G10: 2
A11: K9 - BALLONTI | B11: S-6665003367 | C11: EFFEC/OUT/20789 | D11: XPO ES | E11: 121770893 | F11: 16 | G11: 3
A12: K9 - BALLONTI | B12: S-6665003367 | C12: EFFEC/OUT/20790 | D12: XPO ES | E12: 121770893 | F12: 16 | G12: 2
A13: K9 - BALLONTI | B13: S-6665003367 | C13: EFFEC/OUT/20791 | D13: XPO ES | E13: 121770893 | F13: 1 | G13: 0
... A162: K86 - L'ALJUB (ELX) | B162: S-6665003413 | C162: EFFEC/OUT/20964 | D162: XPO ES | E162: 121770918 | F162: 9 | G162: -4
A163: TOTAL | C163: =COUNTA(C2:C162)&" OUT" | F163: =SUM(F2:F162) | G163: =SUM(G2:G162)
