Workbook

Sheet Pedidos hoy
A1: Tienda | B1: Pedido | C1: Seguimiento XPO | D1: Unidades | E1: Bultos
A2: K8 - ITAROA | B2: S-6665003315 | C2: 121770884 | D2: =SUMIF(Detalle!$B$2:$B$102,B2,Detalle!$F$2:$F$102) -> 146 | E2: =SUMIF(Detalle!$B$2:$B$102,B2,Detalle!$G$2:$G$102) -> 12
A3: K8 - ITAROA | B3: S-6665003366 | C3: 121770884 | D3: =SUMIF(Detalle!$B$2:$B$102,B3,Detalle!$F$2:$F$102) -> 86 | E3: =SUMIF(Detalle!$B$2:$B$102,B3,Detalle!$G$2:$G$102) -> 8
A4: K10 - MAXCENTER | B4: S-6665003368 | C4: 121770889 | D4: =SUMIF(Detalle!$B$2:$B$102,B4,Detalle!$F$2:$F$102) -> 82 | E4: =SUMIF(Detalle!$B$2:$B$102,B4,Detalle!$G$2:$G$102) -> 9
A5: K22 - VITORIA | B5: S-6665003319 | C5: 121770879 | D5: =SUMIF(Detalle!$B$2:$B$102,B5,Detalle!$F$2:$F$102) -> 141 | E5: =SUMIF(Detalle!$B$2:$B$102,B5,Detalle!$G$2:$G$102) -> 13
A6: K22 - VITORIA | B6: S-6665003370 | C6: 121770879 | D6: =SUMIF(Detalle!$B$2:$B$102,B6,Detalle!$F$2:$F$102) -> 66 | E6: =SUMIF(Detalle!$B$2:$B$102,B6,Detalle!$G$2:$G$102) -> 8
A7: K31 - CONDOMINA | B7: S-6665003374 | C7: 121770890 | D7: =SUMIF(Detalle!$B$2:$B$102,B7,Detalle!$F$2:$F$102) -> 49 | E7: =SUMIF(Detalle!$B$2:$B$102,B7,Detalle!$G$2:$G$102) -> 8
A8: K33 - PUERTO VENECIA | B8: S-6665003324 | C8: 121770881 | D8: =SUMIF(Detalle!$B$2:$B$102,B8,Detalle!$F$2:$F$102) -> 150 | E8: =SUMIF(Detalle!$B$2:$B$102,B8,Detalle!$G$2:$G$102) -> 12
A9: K33 - PUERTO VENECIA | B9: S-6665003375 | C9: 121770881 | D9: =SUMIF(Detalle!$B$2:$B$102,B9,Detalle!$F$2:$F$102) -> 248 | E9: =SUMIF(Detalle!$B$2:$B$102,B9,Detalle!$G$2:$G$102) -> 28
A10: K34 - GRAN VIA 2 | B10: S-6665003325 | C10: 121770886 | D10: =SUMIF(Detalle!$B$2:$B$102,B10,Detalle!$F$2:$F$102) -> 103 | E10: =SUMIF(Detalle!$B$2:$B$102,B10,Detalle!$G$2:$G$102) -> 12
A11: K34 - GRAN VIA 2 | B11: S-6665003376 | C11: 121770886 | D11: =SUMIF(Detalle!$B$2:$B$102,B11,Detalle!$F$2:$F$102) -> 41 | E11: =SUMIF(Detalle!$B$2:$B$102,B11,Detalle!$G$2:$G$102) -> 8
A12: K40 - PALENCIA | B12: S-6665003328 | C12: 121770888 | D12: =SUMIF(Detalle!$B$2:$B$102,B12,Detalle!$F$2:$F$102) -> 101 | E12: =SUMIF(Detalle!$B$2:$B$102,B12,Detalle!$G$2:$G$102) -> 10
A13: K40 - PALENCIA | B13: S-6665003379 | C13: 121770888 | D13: =SUMIF(Detalle!$B$2:$B$102,B13,Detalle!$F$2:$F$102) -> 68 | E13: =SUMIF(Detalle!$B$2:$B$102,B13,Detalle!$G$2:$G$102) -> 9
... A30: K86 - L'ALJUB (ELX) | B30: S-6665003362 | C30: 121770867 | D30: =SUMIF(Detalle!$B$2:$B$102,B30,Detalle!$F$2:$F$102) -> 89 | E30: =SUMIF(Detalle!$B$2:$B$102,B30,Detalle!$G$2:$G$102) -> 8
A31: TOTAL | B31: =COUNTA(B2:B30)&" pedidos" -> 29 pedidos | D31: =SUM(D2:D30) -> 3233 | E31: =SUM(E2:E30) -> 307
A33: Datos: listado de OUT de XPO pegado por el usuario; solo etiquetas XPO generadas hoy 22/10/2026.

Sheet Detalle
A1: Tienda | B1: Documento origen | C1: Referencia | D1: Transportista | E1: Seguimiento | F1: Unidades | G1: Bultos
A2: K8 - ITAROA | B2: S-6665003315 | C2: EFFEC/OUT/20062 | D2: XPO ES | E2: 121770884 | F2: 146 | G2: 12
A3: K8 - ITAROA | B3: S-6665003366 | C3: EFFEC/OUT/20413 | D3: XPO ES | E3: 121770884 | F3: 23 | G3: 1
A4: K8 - ITAROA | B4: S-6665003366 | C4: EFFEC/OUT/20783 | D4: XPO ES | E4: 121770884 | F4: 17 | G4: 1
A5: K8 - ITAROA | B5: S-6665003366 | C5: EFFEC/OUT/20784 | D5: XPO ES | E5: 121770884 | F5: 17 | G5: 2
A6: K8 - ITAROA | B6: S-6665003366 | C6: EFFEC/OUT/20785 | D6: XPO ES | E6: 121770884 | F6: 13 | G6: 2
A7: K8 - ITAROA | B7: S-6665003366 | C7: EFFEC/OUT/20786 | D7: XPO ES | E7: 121770884 | F7: 16 | G7: 2
A8: K10 - MAXCENTER | B8: S-6665003368 | C8: EFFEC/OUT/20415 | D8: XPO ES | E8: 121770889 | F8: 22 | G8: 3
A9: K10 - MAXCENTER | B9: S-6665003368 | C9: EFFEC/OUT/20792 | D9: XPO ES | E9: 121770889 | F9: 14 | G9: 1
A10: K10 - MAXCENTER | B10: S-6665003368 | C10: EFFEC/OUT/20793 | D10: XPO ES | E10: 121770889 | F10: 20 | G10: 1
A11: K10 - MAXCENTER | B11: S-6665003368 | C11: EFFEC/OUT/20794 | D11: XPO ES | E11: 121770889 | F11: 12 | G11: 2
A12: K10 - MAXCENTER | B12: S-6665003368 | C12: EFFEC/OUT/20795 | D12: XPO ES | E12: 121770889 | F12: 14 | G12: 2
A13: K22 - VITORIA | B13: S-6665003319 | C13: EFFEC/OUT/20066 | D13: XPO ES | E13: 121770879 | F13: 141 | G13: 13
... A102: K86 - L'ALJUB (ELX) | B102: S-6665003362 | C102: EFFEC/OUT/20306 | D102: XPO ES | E102: 121770867 | F102: 27 | G102: 1
A103: TOTAL | C103: =COUNTA(C2:C102)&" OUT" -> 101 OUT | F103: =SUM(F2:F102) -> 3233 | G103: =SUM(G2:G102) -> 307
